Frequency [Hz],Gain,phase [rad]
1000000.0,0.0922496262719544,5.668692742814986
1499500.0,0.0686034871929766,5.27608647227372
1999000.0,0.0489949585021616,5.022069805689586
2498500.0,0.0330938074876673,4.894841756217625
2998000.0,0.0205818035324752,4.8829998246893584
3497500.0,0.01115271811439,4.975539999612792
3997000.0,0.0045123248060396,5.161856757172414
4496500.0,0.0003783992748756,5.431743061229192
4996000.0,-0.0015192807168274,5.775390363320579
5495500.0,-0.0014389353119713,6.183388602660507
5995000.0,0.0003732174413653,6.646726206139391
6494500.0,0.0036829615899273,7.156790088324134
6994000.0,0.0082680832752829,7.705365651458108
7493500.0,0.0139183707338234,8.284636785461185
7993000.0,0.0204356142967639,8.887185867929702
8492500.0,0.0276336063901424,9.505993764136484
8992000.0,0.0353381415348206,10.13443982703085
9491500.0,0.0433870163464833,10.76630189723858
9991000.0,0.0516300295356388,11.39575630306195
10490500.0,0.0599289819076187,12.017377860479716
10990000.0,0.0681576763625778,12.626139873147121
11489500.0,0.0762019178954947,13.217414132395877
11989000.0,0.0839595135961708,13.786970917234186
12488500.0,0.0913402726492312,14.330978994346733
12988000.0,0.0982660063341243,14.84600561809468
13487500.0,0.1046705280251217,15.32901653051568
13987000.0,0.1104996531913187,15.777375961323862
14486500.0,0.1157111993966333,16.188846627909847
14986000.0,0.1202749862998076,16.561589735340714
15485500.0,0.1241728356544064,16.89416497636004
15985000.0,0.1273985713088185,17.185530531387897
16484500.0,0.1299580192062557,17.43504306852082
16984000.0,0.1318690073847525,17.64245774353183
17483500.0,0.1331613659771682,17.80792819987043
17983000.0,0.1338769272111845,17.932006568662608
18482500.0,0.1339708703731846,17.66188909118374
18982000.0,0.1190329853962811,17.661805831249197
19481500.0,0.1199003592999975,17.6303814088672
19981000.0,0.1170927245329447,17.493938798559014
20480500.0,0.10929670924344,17.292932623320745
20980000.0,0.0989430338847224,17.046716837942412
21479500.0,0.0983304228710366,16.80691634939576
21979000.0,0.1141445226550188,16.52402284430033
22478500.0,0.1414775577696889,16.238122190495886
22978000.0,0.152850382113678,15.950230140447008
23477500.0,0.1576610407973589,15.734682285033823
23977000.0,0.1437061357057802,15.590689435187578
24476500.0,0.1427029988181927,15.412546211775293
24976000.0,0.1909872340036131,15.35086975527999
25475500.0,0.2151866048508774,15.370707759221734
25975000.0,0.2308461348427874,15.524830672734407
26474500.0,0.2614331612126644,15.729442351039594
26974000.0,0.2741672966213297,15.93554864909088
27473500.0,0.2886775088128467,16.291616721119848
27973000.0,0.3142186643809723,16.65295812523382
28472500.0,0.319822186378652,17.086676983784105
28972000.0,0.3416577138991346,17.601939378503637
29471500.0,0.3438987612362546,18.201601982579902
29971000.0,0.3800189354461123,18.867333767080396
30470500.0,0.41223281361102,19.629848918320643
30970000.0,0.4524050108331666,20.4033388314675
31469500.0,0.4774320794297084,21.135994771717197
31969000.0,0.4955397789566164,21.913693615472827
32468500.0,0.5011712885376964,22.677988291915664
32968000.0,0.529070802195953,23.482054999966056
33467500.0,0.5190597519985662,24.256810296891796
33967000.0,0.5487097951618072,25.065203236760816
34466500.0,0.5525704186412146,25.838731234525966
34966000.0,0.5878476928159602,26.59176566449265
35465500.0,0.6357656277355055,27.329928330041703
35965000.0,0.656806684169683,28.015880112448414
36464500.0,0.6999181710005795,28.675239757644718
36964000.0,0.760223795864633,29.302918336512562
37463500.0,0.7953723247700605,29.88537958333255
37963000.0,0.8396254195792288,30.43192049880195
38462500.0,0.9126913146082704,30.911665703498645
38962000.0,0.9702525747069154,31.329029372396082
39461500.0,1.0294085074716923,31.691024090164273
39961000.0,1.0983751053767712,31.98621674853236
40460500.0,1.2099941935675531,32.20722182184622
40960000.0,1.2835365979004885,32.36633014088355
41459500.0,1.382580284102837,32.48161682835531
41959000.0,1.5265199588755032,32.53888794824038
42458500.0,1.6212056951945168,32.52023574335624
42958000.0,1.7610506740386036,32.43938184103205
43457500.0,1.9777472715046132,32.30210535829991
43957000.0,2.174456854594957,32.116557763766245
44456500.0,2.4407434444135743,31.88383477969706
44956000.0,2.655689659686112,31.607357866708604
45455500.0,2.9071382882864008,31.319007121347383
45955000.0,3.274293039393092,31.013659341194007
46454500.0,3.5945353589626903,30.705444013658493
46954000.0,4.037762270232279,30.400687583735795
47453500.0,4.342384166277934,30.122323725686137
47953000.0,4.7957187121178375,29.887367451206906
48452500.0,5.329780186461893,29.66223756367382
48952000.0,5.887488093175925,29.46577366894097
49451500.0,6.481790182586392,29.31169605144465
49951000.0,7.201429692212491,29.223097921862156
50450500.0,7.818312916910375,29.10251632996031
50950000.0,8.762390070854355,29.06801887957012
51449500.0,9.634125649512583,28.989593053689205
51949000.0,10.300417872560368,28.923286085667428
52448500.0,11.22377245851047,28.906997690101953
52948000.0,12.109304460875396,28.93485808670237
53447500.0,13.080589726771796,28.917002115736828
53947000.0,14.336706625078644,28.85014793088446
54446500.0,15.434493088800116,28.752452701667124
54946000.0,16.48022281290927,28.669890353237697
55445500.0,17.788688916943073,28.598859512246513
55945000.0,19.56997857499755,28.509883708491422
56444500.0,21.254790235007047,28.415284577653793
56944000.0,22.745528191570845,28.32822346060599
57443500.0,24.75242789115064,28.257647786856168
57943000.0,26.73945830008608,28.16797695553698
58442500.0,28.83449588380197,28.1040026941899
58942000.0,31.36277097481417,28.006270939699647
59441500.0,34.35398410825045,27.9368707251038
59941000.0,36.84946729622063,27.860146935922415
60440500.0,39.94857701931608,27.780593871337118
60940000.0,42.982087690585125,27.718785863669467
61439500.0,46.710129962097845,27.645155118770248
61939000.0,49.94896153946759,27.574070745426326
62438500.0,54.09910718510197,27.48817758171738
62938000.0,58.01536745030632,27.413999326159995
63437500.0,62.62828067238075,27.336041351197792
63937000.0,66.99869759396404,27.26257235786673
64436500.0,72.90485767842755,27.17384901655103
64936000.0,77.81621892677522,27.09304712533283
65435500.0,83.08407834909688,27.015825377385298
65935000.0,88.87078739848509,26.93366608111451
66434500.0,95.81894495007916,26.85230822594245
66934000.0,102.86517916827356,26.77280366254695
67433500.0,110.6296318904684,26.694619235240594
67933000.0,119.34796207901196,26.610683254752544
68432500.0,127.66693561260068,26.527870220709374
68932000.0,136.96824558865973,26.444966070267895
69431500.0,146.706468491867,26.364863098152284
69931000.0,155.4603012330969,26.282465868629572
70430500.0,166.1463941257468,26.19753595824018
70930000.0,177.8864670643264,26.11727719871692
71429500.0,189.26246044728632,26.034388859473793
71929000.0,202.4182030751612,25.950442456226767
72428500.0,215.53106990341027,25.86401395359964
72928000.0,228.70958010892156,25.7795794839258
73427500.0,243.3081372884331,25.694595893713156
73927000.0,259.1764511484391,25.60867520685096
74426500.0,275.26553763222194,25.51866627394817
74926000.0,292.50331388418067,25.43024670986962
75425500.0,309.1890939421781,25.342349830644437
75925000.0,325.95450747358024,25.253310228348482
76424500.0,344.42987841928067,25.163466747497537
76924000.0,363.0916083556888,25.072724011907383
77423500.0,382.5537815595097,24.980677241073636
77923000.0,402.0785501718653,24.889579074444967
78422500.0,422.540745683379,24.798021793126907
78922000.0,442.4482248870597,24.70610469490296
79421500.0,462.7935689465351,24.613615568013202
79921000.0,483.8430388232047,24.520193184418645
80420500.0,505.0488422961493,24.429074633074094
80920000.0,527.5038382095466,24.337571611819655
81419500.0,549.3524761071222,24.2441972616146
81919000.0,571.0330757458822,24.150260923380117
82418500.0,592.2479204744155,24.055327499754455
82918000.0,613.6207514005829,23.96472587611744
83417500.0,635.3831438948009,23.87173053302446
83917000.0,656.7084148778604,23.777301914402102
84416500.0,678.57940857329,23.682348603210386
84916000.0,696.7510614455526,23.590359807655915
85415500.0,717.8198630511854,23.498869322328503
85915000.0,736.8346938859484,23.40622944311842
86414500.0,754.6047088739859,23.316406291298165
86914000.0,771.423334513005,23.22684082668232
87413500.0,787.4161341620623,23.140560829181595
87913000.0,804.2905511599075,23.054203578047634
88412500.0,818.4699922049396,22.966549020484308
88912000.0,833.1885551305271,22.880927785103296
89411500.0,848.1099143142433,22.796697674798708
89911000.0,861.8540337450153,22.71165777679832
90410500.0,876.1030868650382,22.627561378752418
90910000.0,889.2959328948081,22.54689388106513
91409500.0,901.3691631496392,22.466167579708653
91909000.0,912.3081463805624,22.385045822263933
92408500.0,923.5719843533072,22.306600285591884
92908000.0,934.764390332355,22.229722757827375
93407500.0,946.7383294874462,22.150578654147438
93907000.0,956.595095240978,22.075092035501342
94406500.0,966.6893123667888,22.000765663415066
94906000.0,975.7732447014264,21.924722351081556
95405500.0,984.5532955445208,21.85226428945714
95905000.0,993.237333899705,21.78100704770307
96404500.0,1002.7994937894856,21.70940298713512
96904000.0,1010.123921944734,21.63930402579254
97403500.0,1015.2638406599862,21.570208086086268
97903000.0,1022.1554351817256,21.500674826076335
98402500.0,1029.361301166574,21.433556466377837
98902000.0,1035.7376739591846,21.36696306510379
99401500.0,1042.005350492173,21.30115121767784
99901000.0,1050.5423521735413,21.235863530678728
100400500.0,1058.590378539857,21.171271153470343
100900000.0,1065.577398555928,21.107936019163844
101399500.0,1070.174840422459,21.04405286909838
101899000.0,1077.5429812031298,20.983299229545793
102398500.0,1083.5086001856134,20.91965135939165
102898000.0,1086.9174700626293,20.858229426351727
103397500.0,1093.887963225816,20.796940440725933
103897000.0,1098.505816453918,20.738054696300196
104396500.0,1101.353528058041,20.677877986502182
104896000.0,1108.8719935262657,20.619495803480845
105395500.0,1112.6072298064682,20.561365127877878
105895000.0,1117.651539131184,20.500990814470043
106394500.0,1123.5554903313132,20.4420299510156
106894000.0,1128.4501480249137,20.38457094705643
107393500.0,1133.448959051782,20.32769548333323
107893000.0,1140.5671236539674,20.27018541210461
108392500.0,1146.9686978811778,20.21278448432119
108892000.0,1154.2719703682549,20.15382999057826
109391500.0,1160.3114425319998,20.099867339316972
109891000.0,1166.0099403722522,20.045221928898684
110390500.0,1169.7142943966246,19.989256449968934
110890000.0,1178.667749926654,19.934428121875044
111389500.0,1183.848492625718,19.87985759449313
111889000.0,1187.2811374254372,19.825378945630007
112388500.0,1190.34829009202,19.769559727824912
112888000.0,1197.1663158985646,19.71627853012697
113387500.0,1200.8522426404977,19.662025442676878
113887000.0,1204.9646989443756,19.609645147602947
114386500.0,1210.2256609434166,19.555469609930043
114886000.0,1215.6314170562623,19.502906481260652
115385500.0,1222.001407250698,19.44821289937471
115885000.0,1226.1967296009288,19.39310356153942
116384500.0,1232.9823456575116,19.33984496116534
116884000.0,1236.3634270411353,19.28849336195364
117383500.0,1242.6226136375822,19.23744441131447
117883000.0,1249.5302359734626,19.183347616327154
118382500.0,1256.2924880631076,19.1313174215085
118882000.0,1261.1738285999525,19.07993377071429
119381500.0,1267.748188760983,19.02734218067377
119881000.0,1275.2051129752142,18.97546837580731
120380500.0,1280.1043150607989,18.92484625329655
120880000.0,1284.7651560315385,18.874859216558463
121379500.0,1288.5183876626752,18.824660643287785
121879000.0,1294.4542437615553,18.77497376841211
122378500.0,1297.9227245576203,18.724831631564797
122878000.0,1300.0227390933496,18.677082297663787
123377500.0,1306.3627906989093,18.629171961365728
123877000.0,1312.7876674639335,18.580561713884947
124376500.0,1320.3691009481854,18.533418460688893
124876000.0,1325.9559082280832,18.486974180389524
125375500.0,1327.30333013659,18.44109748169444
125875000.0,1326.3170920101784,18.39401974688414
126374500.0,1328.4542035189384,18.347874670169233
126874000.0,1332.7430736265703,18.30319669455602
127373500.0,1338.1247512562384,18.256058907460442
127873000.0,1337.8588520302146,18.20946820375616
128372500.0,1337.3070130040628,18.16594846310724
128872000.0,1338.8825418166846,18.121866766255437
129371500.0,1340.7886905408068,18.07579878403277
129871000.0,1344.7462154646269,18.033222635557593
130370500.0,1346.7347028483157,17.987116557939515
130870000.0,1348.7924760476146,17.94268238509875
131369500.0,1348.215714699246,17.89745569490725
131869000.0,1348.1444316608968,17.853692832318757
132368500.0,1352.384473879822,17.810183859782427
132868000.0,1354.3638470169992,17.766243342686238
133367500.0,1354.994505490491,17.72513520093719
133867000.0,1359.2688478333737,17.681488002183215
134366500.0,1363.0645771748736,17.63788951763678
134866000.0,1366.1814373030852,17.59441057213877
135365500.0,1369.96090367771,17.550605654345162
135865000.0,1370.8970893086134,17.505310672293433
136364500.0,1375.242619437742,17.461146629041735
136864000.0,1376.4038568533465,17.416147006500438
137363500.0,1378.42198266271,17.37197147106363
137863000.0,1382.667592512537,17.326722478015938
138362500.0,1383.370740133652,17.282756133715083
138862000.0,1385.7988440863792,17.238804605522574
139361500.0,1391.9577950136586,17.19399664648867
139861000.0,1392.6455866974964,17.148695964769445
140360500.0,1396.6294178465548,17.104252974298277
140860000.0,1398.6942915766806,17.062534710669922
141359500.0,1403.050562364661,17.018669871910674
141859000.0,1407.802856412315,16.972811530318438
142358500.0,1413.498938305876,16.929197089943017
142858000.0,1417.520372746117,16.886130208946128
143357500.0,1421.6059972980288,16.842812779419972
143857000.0,1427.19459567899,16.801892768892202
144356500.0,1429.054489862209,16.760778842711574
144856000.0,1433.9269085335848,16.720168597754338
145355500.0,1440.7405406967798,16.678729042869946
145855000.0,1442.4000252088708,16.63721027137464
146354500.0,1444.657960803759,16.59514606526676
146854000.0,1447.3516154375282,16.554464967711652
147353500.0,1452.446338650292,16.51607585383769
147853000.0,1451.898713547552,16.47728453703536
148352500.0,1453.8953974792478,16.438671957853614
148852000.0,1457.3714181031876,16.398051628749954
149351500.0,1459.2770173054782,16.35836510896874
149851000.0,1459.8161615356887,16.317797948846504
150350500.0,1461.4076547469265,16.28031186609806
150850000.0,1461.6596508917046,16.24176730192096
151349500.0,1457.8986177128625,16.203841988788184
151849000.0,1457.0912118196577,16.165255270643513
152348500.0,1455.9141375348463,16.127481587203107
152848000.0,1453.815175707222,16.09034676854938
153347500.0,1451.5659282086986,16.05192002739207
153847000.0,1454.4457173105002,16.01261477165741
154346500.0,1451.3403029549609,15.976025202432794
154846000.0,1450.448180425688,15.936760996955513
155345500.0,1448.011094615357,15.897356972314697
155845000.0,1446.3210282387438,15.858723809104958
156344500.0,1445.5887532052905,15.820552843433262
156844000.0,1444.1058145373904,15.782920277778913
157343500.0,1445.4129119690017,15.746040276214018
157843000.0,1448.6623377498402,15.706749680131281
158342500.0,1452.5474213091975,15.668993426384361
158842000.0,1453.7770462321012,15.631738428105962
159341500.0,1449.431781155415,15.594672104569952
159841000.0,1446.5785645985163,15.558022148385731
160340500.0,1444.3726392950848,15.521367219121913
160840000.0,1445.903948991112,15.484489733442018
161339500.0,1444.7713962248592,15.446544079514041
161839000.0,1442.7611300823912,15.408202627203423
162338500.0,1440.4909356744909,15.372493542371103
162838000.0,1440.980046191619,15.33495261649486
163337500.0,1441.4316119473997,15.298298330255307
163837000.0,1443.8147704818948,15.259240124262021
164336500.0,1442.8149602436426,15.223127692422423
164836000.0,1440.563303429762,15.185304378207945
165335500.0,1440.0812680221052,15.151221433801027
165835000.0,1440.6273482186425,15.113830035368352
166334500.0,1441.4655281536125,15.078990568676545
166834000.0,1445.9394492545175,15.044124398109375
167333500.0,1444.8450978733483,15.008160141813136
167833000.0,1446.893619161814,14.974714105601123
168332500.0,1450.6726039073635,14.939114245432222
168832000.0,1452.1695585665018,14.904204199384537
169331500.0,1453.6133126469424,14.867406910624254
169831000.0,1458.694595750511,14.831162647747902
170330500.0,1457.874476814342,14.794447920582883
170830000.0,1460.789780382652,14.760082171780226
171329500.0,1460.1268770519473,14.72419631253149
171829000.0,1460.601630408172,14.690121042438136
172328500.0,1460.0611737000895,14.654178305784626
172828000.0,1459.722275113431,14.620205008584037
173327500.0,1464.8491477803025,14.584866663435093
173827000.0,1464.648329542474,14.549366286842485
174326500.0,1463.7000004269182,14.514005608314335
174826000.0,1464.5857321141295,14.479935830124361
175325500.0,1464.629913307267,14.444842129332585
175825000.0,1466.0032282746529,14.409539508804926
176324500.0,1465.5927997378317,14.375543814573007
176824000.0,1465.3574856444857,14.341791244933916
177323500.0,1463.255850211171,14.307095685250204
177823000.0,1461.5023998867175,14.271417232915667
178322500.0,1462.8916488749114,14.237258954351319
178822000.0,1460.1826158511087,14.204451342592051
179321500.0,1462.2171499866654,14.170355495675324
179821000.0,1460.1186909090868,14.134926086872724
180320500.0,1461.6214078391697,14.100816270185874
180820000.0,1461.7921720270615,14.068247825221079
181319500.0,1461.791698696247,14.036291881142859
181819000.0,1461.109336087472,14.004580407161654
182318500.0,1461.2816006414337,13.97152634249585
182818000.0,1460.0702777226784,13.937560643486165
183317500.0,1461.034777389734,13.903412646375841
183817000.0,1458.1655495186556,13.871842438350257
184316500.0,1457.121504055698,13.839691982472175
184816000.0,1454.1927065744958,13.808167902812272
185315500.0,1450.230794154858,13.775143688888136
185815000.0,1448.6276394529527,13.743622174173936
186314500.0,1445.6770377451514,13.71138691912796
186814000.0,1442.2688135833648,13.680284445470875
187313500.0,1446.0255216957223,13.648445302720177
187813000.0,1444.8890543679445,13.615523025320215
188312500.0,1444.4448681385018,13.582499685241373
188812000.0,1441.7996591224144,13.549581762961111
189311500.0,1440.1495138671048,13.5151562870563
189811000.0,1437.2889244273088,13.4842049464512
190310500.0,1439.0486412679015,13.452602949265213
190810000.0,1440.1656695617844,13.42005759050329
191309500.0,1439.0775302897075,13.387277008383478
191809000.0,1437.7270710365513,13.3550314999448
192308500.0,1437.8025853798094,13.324066601861546
192808000.0,1438.1614880095028,13.29246098078653
193307500.0,1435.9070175121365,13.261900647595724
193807000.0,1434.521157819657,13.232507418967998
194306500.0,1434.1764618743478,13.203388489786391
194806000.0,1433.0738872122772,13.174041438209315
195305500.0,1433.2753237050094,13.141442691794282
195805000.0,1435.0476989447488,13.1101956346929
196304500.0,1433.8200565925183,13.081276952157339
196804000.0,1436.4843570887776,13.049718002065958
197303500.0,1436.524616252785,13.019144042419384
197803000.0,1439.2529682832114,12.98905664420596
198302500.0,1440.083622026241,12.958788526136573
198802000.0,1438.8158338914243,12.930784819130395
199301500.0,1440.1763031244666,12.902303372745848
199801000.0,1441.5668421378532,12.871985673198765
200300500.0,1443.8089495981746,12.842358198402906
200800000.0,1444.611354885993,12.811430161194949
201299500.0,1445.1172769714285,12.781587008816075
201799000.0,1442.8268637608885,12.749676748730906
202298500.0,1443.1969627522792,12.718972391902298
202798000.0,1445.0138249174563,12.687701638579938
203297500.0,1443.5143663574045,12.656775180630689
203797000.0,1445.2797458556545,12.624795228279424
204296500.0,1446.8616874411766,12.594079870375197
204796000.0,1445.0954461309063,12.562995716987018
205295500.0,1444.861639197414,12.532719846134171
205795000.0,1442.8984506783158,12.501690023362244
206294500.0,1443.1477345374692,12.473847679146672
206794000.0,1443.3138134588485,12.44251084409018
207293500.0,1444.693161969447,12.412449073443497
207793000.0,1446.3633108570264,12.382428952379826
208292500.0,1443.140562987403,12.35131467741644
208792000.0,1445.9583957415146,12.320941896970794
209291500.0,1446.066416639952,12.29138909889923
209791000.0,1444.623411010425,12.262014935948628
210290500.0,1442.6186232781902,12.232179996264392
210790000.0,1443.4610120087823,12.201696346441906
211289500.0,1445.3345156819807,12.171052043798397
211789000.0,1440.1462195824154,12.141827657295835
212288500.0,1438.606900800332,12.111420793709158
212788000.0,1439.6764373214623,12.083053454868946
213287500.0,1439.5083976076105,12.052802514283485
213787000.0,1438.530320268363,12.02145882535109
214286500.0,1438.53372496962,11.991741410295162
214786000.0,1440.634332330305,11.962442378600088
215285500.0,1440.780032690888,11.93355055121367
215785000.0,1438.835003195027,11.903313766965368
216284500.0,1438.4001791842609,11.873056609274556
216784000.0,1440.2538597907132,11.842934957975046
217283500.0,1438.9386528167136,11.810205030639338
217783000.0,1437.7515781844472,11.781769681558274
218282500.0,1435.7368069863749,11.75483170788624
218782000.0,1437.7618965799595,11.725895661153174
219281500.0,1434.8383972029264,11.69708935184292
219781000.0,1437.9432085323938,11.668134320986496
220280500.0,1438.698816956591,11.639085458221984
220780000.0,1436.957928213572,11.608834596102724
221279500.0,1438.4205859050378,11.581271704494839
221779000.0,1443.2294737708864,11.549965739179015
222278500.0,1440.790339896762,11.519776389344543
222778000.0,1441.5089412532277,11.490691334534347
223277500.0,1444.3155102899707,11.461463266570433
223777000.0,1445.4542320972507,11.431634633973317
224276500.0,1447.4523732446228,11.401479111931735
224776000.0,1450.3367740670649,11.36938263346127
225275500.0,1449.6914494874748,11.339176754763514
225775000.0,1446.3090532905785,11.308878232824611
226274500.0,1446.927964508562,11.279327698322902
226774000.0,1446.2899738711303,11.249783255937757
227273500.0,1446.3159685603764,11.219117575425287
227773000.0,1446.8106698232696,11.189918267994642
228272500.0,1447.9433210096877,11.160126682255793
228772000.0,1448.4878685807537,11.13006760590622
229271500.0,1450.5888739050918,11.099445913199986
229771000.0,1450.3516718680323,11.068603875009728
230270500.0,1451.816719700773,11.040283854405004
230770000.0,1451.8085559928252,11.012138210486626
231269500.0,1456.2105501983208,10.98187212588607
231769000.0,1457.0002642517054,10.954654962856978
232268500.0,1460.6430002068964,10.927576369900976
232768000.0,1460.6774139296786,10.901816962346743
233267500.0,1459.959271145666,10.876007750044323
233767000.0,1460.012659888402,10.850347009909342
234266500.0,1458.3562269529073,10.82224813679943
234766000.0,1458.6098394703622,10.795892720965412
235265500.0,1457.8257409555342,10.76557922244433
235765000.0,1458.7433478906353,10.737711131065396
236264500.0,1458.767636778391,10.707905595580144
236764000.0,1456.9520775134254,10.680855068961364
237263500.0,1460.0344059512224,10.654723350715642
237763000.0,1457.899983781428,10.62741329125896
238262500.0,1459.5510438815118,10.59993791467025
238762000.0,1460.1851625201168,10.572536941622332
239261500.0,1462.620597013763,10.544149992777761
239761000.0,1464.4217519723577,10.517342723937304
240260500.0,1464.7959673207083,10.488892902675389
240760000.0,1466.1546967892184,10.463201070673904
241259500.0,1466.9896447782542,10.436361921999719
241759000.0,1468.5415347384248,10.409319030437302
242258500.0,1472.0398677041924,10.380533844882962
242758000.0,1475.0925671176278,10.350785233577597
243257500.0,1478.8080587455042,10.322198954654084
243757000.0,1479.47094073373,10.29322699470697
244256500.0,1480.2397635997015,10.264550211885023
244756000.0,1481.1491787836571,10.234560710722405
245255500.0,1484.4934627138084,10.20787138076156
245755000.0,1485.4895183547596,10.179994748329591
246254500.0,1484.6237291697594,10.153404802248247
246754000.0,1487.1741294827775,10.125524909224112
247253500.0,1486.3214429150266,10.097774440992339
247753000.0,1485.8676959821792,10.069693194229842
248252500.0,1484.4744020671844,10.040822532673872
248752000.0,1484.3558232425885,10.011988445610825
249251500.0,1487.6481525290624,9.984952174235389
249751000.0,1488.9057500346692,9.956028971085402
250250500.0,1486.9012252994328,9.926542118015618
250750000.0,1488.8719626939985,9.897682060571128
251249500.0,1490.5243029653686,9.868793681674049
251749000.0,1490.781083043028,9.839384803829603
252248500.0,1489.3546713852693,9.815155751453517
252748000.0,1490.061607058086,9.78689033141103
253247500.0,1490.9303626758522,9.759442130603361
253747000.0,1490.5776691178596,9.731571255843221
254246500.0,1490.946339215585,9.704166660818316
254746000.0,1492.8473203720644,9.676984195292277
255245500.0,1493.4969850889509,9.65044620043659
255745000.0,1493.5751364595033,9.624275715642568
256244500.0,1491.385553886406,9.596086863498556
256744000.0,1494.2408942108584,9.570936167807986
257243500.0,1496.530209660729,9.544411241568469
257743000.0,1498.8771854260403,9.516746762407877
258242500.0,1501.8996412194745,9.4887559634156
258742000.0,1503.0299917889697,9.460625209409102
259241500.0,1504.1208949891652,9.43308208565395
259741000.0,1508.3183540461498,9.407742456798019
260240500.0,1510.9334222623725,9.380386576932096
260740000.0,1513.3162385470853,9.351329629532643
261239500.0,1512.8003856251162,9.323292394692999
261739000.0,1518.7202209945638,9.295043893846696
262238500.0,1523.9337216697263,9.265341966689391
262738000.0,1525.677242793889,9.237008700055469
263237500.0,1528.343248162848,9.209021759563655
263737000.0,1530.7931140165326,9.180393346798724
264236500.0,1532.836686243789,9.153601329764001
264736000.0,1536.230428513056,9.12608252850913
265235500.0,1537.6487412488104,9.0987145989194
265735000.0,1536.8739713058117,9.069375097455861
266234500.0,1537.2348587587137,9.041749690658548
266734000.0,1538.9802535659444,9.014580208599853
267233500.0,1540.988518235267,8.98719102105565
267733000.0,1541.3314221924709,8.958853815893576
268232500.0,1542.246675060043,8.930515404663254
268732000.0,1543.6621166395817,8.901215877672598
269231500.0,1544.1581019444393,8.872876755189623
269731000.0,1541.8239722586156,8.844676740882505
270230500.0,1541.7589870253903,8.817584352080644
270730000.0,1536.9176920420364,8.788758341299626
271229500.0,1537.13224224727,8.764431316364494
271729000.0,1540.0668059180962,8.736746642369837
272228500.0,1539.5733357133686,8.709921336811647
272728000.0,1537.1088956289948,8.683294959961074
273227500.0,1539.5398585503046,8.655588757092858
273727000.0,1542.7078439660152,8.629300250730012
274226500.0,1544.545006981568,8.601930565149303
274726000.0,1541.3664497338902,8.575158154810708
275225500.0,1542.2941948699752,8.550515738280637
275725000.0,1544.7312225134938,8.524969105299135
276224500.0,1547.8216159595922,8.497399772176266
276724000.0,1549.84120738946,8.469794109060274
277223500.0,1550.1476593417483,8.441654708408805
277723000.0,1552.5934990363028,8.415718206325892
278222500.0,1553.2579467652831,8.38791510187275
278722000.0,1554.6565511801834,8.362162104667561
279221500.0,1554.43399519754,8.33491665078742
279721000.0,1555.851937040745,8.310262938183143
280220500.0,1558.485489934052,8.283438153561633
280720000.0,1561.2779949797005,8.256285749023334
281219500.0,1560.5804290269648,8.230285608159477
281719000.0,1560.9704454879868,8.203589131082538
282218500.0,1564.9676630258325,8.176642310812156
282718000.0,1565.775472712935,8.1478564696705
283217500.0,1567.4619021295537,8.12033225507065
283717000.0,1568.9185184634862,8.093423598927188
284216500.0,1569.5050481796488,8.064155914598643
284716000.0,1573.3812680402102,8.035306146949551
285215500.0,1576.6367695449944,8.007181162838492
285715000.0,1580.6356686503034,7.978081848443367
286214500.0,1581.869922208547,7.950107540263161
286714000.0,1582.2741352143314,7.919937099158631
287213500.0,1582.9102997871548,7.891055282201648
287713000.0,1585.1536261535398,7.864201767829627
288212500.0,1588.3211454715138,7.83666759200122
288712000.0,1589.2730344650213,7.809029336071035
289211500.0,1593.271656346872,7.781570497197151
289711000.0,1592.813649568924,7.754115199520811
290210500.0,1591.4758235849,7.727497385663185
290710000.0,1591.8936896785133,7.700813208110617
291209500.0,1599.1963899001114,7.673036815483272
291709000.0,1602.9262502643448,7.646345497830282
292208500.0,1606.8054876129763,7.620816385686851
292708000.0,1610.9596101971383,7.5927519253526725
293207500.0,1612.498814694606,7.564012236981682
293707000.0,1616.0716820669115,7.536376343020265
294206500.0,1620.0219504403258,7.510546253845007
294706000.0,1623.044565991407,7.483721365417068
295205500.0,1626.6243594615444,7.457837359829398
295705000.0,1630.984300666388,7.431544964345505
296204500.0,1637.1158941525166,7.405565806455343
296704000.0,1638.6115945433307,7.377871818403094
297203500.0,1638.3882332261064,7.352614254381422
297703000.0,1641.464610969292,7.326019350222339
298202500.0,1643.7959902987388,7.299557572777871
298702000.0,1645.055297451088,7.27333578861095
299201500.0,1645.931291957302,7.245688828200684
299701000.0,1646.4726184210265,7.217349302605896
300200500.0,1649.6542216084506,7.189406285306006
300700000.0,1654.0459253405386,7.163259573315315
301199500.0,1656.1156226021667,7.135507556839684
301699000.0,1661.6662147608424,7.10835773566663
302198500.0,1661.345440873836,7.080354170923329
302698000.0,1661.7996054229468,7.053229094290771
303197500.0,1660.900023163111,7.027301530032048
303697000.0,1661.32940688207,7.001549285020872
304196500.0,1659.2043945314513,6.974966103903739
304696000.0,1662.241880521223,6.947654021598623
305195500.0,1662.5395286955957,6.91931273327333
305695000.0,1664.9614856093365,6.893890140880728
306194500.0,1665.696753439768,6.865127528726646
306694000.0,1663.8759189694938,6.838927039913187
307193500.0,1663.530651830944,6.81160869416766
307693000.0,1669.4775116436797,6.784221725804969
308192500.0,1670.9060476761056,6.756243399900882
308692000.0,1667.8455514707482,6.729012191851041
309191500.0,1666.2865868393196,6.702785153732123
309691000.0,1667.432298414151,6.673777587692484
310190500.0,1670.2916549755023,6.6485481613726165
310690000.0,1669.951495393045,6.622750168730477
311189500.0,1671.5243069431815,6.595681597518933
311689000.0,1671.182422578075,6.567762310588876
312188500.0,1673.39048148619,6.541417976904029
312688000.0,1672.256804565233,6.513533621224838
313187500.0,1674.0348177283583,6.4862764985850845
313687000.0,1674.3598719058862,6.459083626605491
314186500.0,1677.297047664714,6.433251596386185
314686000.0,1679.7265973063047,6.40616413308976
315185500.0,1682.5905561445811,6.380346870771973
315685000.0,1682.0331072724532,6.356050634795622
316184500.0,1686.2970494592498,6.3287772758624214
316684000.0,1687.6704288181318,6.2998661525217585
317183500.0,1689.5129568710856,6.271378822033569
317683000.0,1694.4021405702254,6.243967166890798
318182500.0,1697.9543029663687,6.217688895900039
318682000.0,1703.0556784350033,6.190567203602882
319181500.0,1708.2658267112763,6.1631587773621845
319681000.0,1709.545959020117,6.132972545894745
320180500.0,1713.8717997474578,6.102731016563894
320680000.0,1714.1323054548643,6.074258800106975
321179500.0,1715.5898633208,6.046214297552581
321679000.0,1717.071138546073,6.020082747379149
322178500.0,1720.8651352096683,5.9923887317143
322678000.0,1719.0128116102535,5.964858691287873
323177500.0,1722.0496761838845,5.937538278173463
323677000.0,1722.091039244335,5.9113498004910525
324176500.0,1723.349696059009,5.883348710965834
324676000.0,1723.3023976070174,5.855541280690829
325175500.0,1725.155271510458,5.826108620921843
325675000.0,1731.289261758031,5.796642516125132
326174500.0,1731.912837209917,5.76934050409767
326674000.0,1728.757921928029,5.738750338875434
327173500.0,1728.0906461304985,5.709334038192651
327673000.0,1729.7143390728345,5.679727327573914
328172500.0,1731.9814259337536,5.6526020203396
328672000.0,1732.9619562918542,5.626782678241398
329171500.0,1735.4552650164894,5.600111384060369
329671000.0,1738.1750639317547,5.575153519091145
330170500.0,1736.8990618010594,5.548169768390835
330670000.0,1734.9985257974618,5.52059568101015
331169500.0,1735.177784377745,5.4937020079358945
331669000.0,1735.299341485107,5.467640610121521
332168500.0,1735.3223908021746,5.439091076326122
332668000.0,1735.0532931017244,5.410955679429321
333167500.0,1732.8450957838818,5.383150134214702
333667000.0,1734.7905535316188,5.354024109373086
334166500.0,1736.532481264706,5.326797913065661
334666000.0,1738.1159050383558,5.300184541833119
335165500.0,1735.406966640744,5.273242078654903
335665000.0,1734.8827545026204,5.245255950606861
336164500.0,1731.88570011133,5.21681567418409
336664000.0,1729.0497894257055,5.188393345279451
337163500.0,1727.1764045369623,5.161841183322622
337663000.0,1726.4707857847195,5.134032918687012
338162500.0,1730.8256762058795,5.104545986340099
338662000.0,1727.616056237143,5.078196605082667
339161500.0,1730.8265776488663,5.050110915223286
339661000.0,1727.6943266476685,5.021739780088751
340160500.0,1728.6426943683937,4.993417031771514
340660000.0,1729.6486037404247,4.9655606965020525
341159500.0,1729.8936663690336,4.937224758196862
341659000.0,1732.3392641416208,4.910632368882943
342158500.0,1734.1331276839069,4.881945682492983
342658000.0,1736.9286691379734,4.855127700075741
343157500.0,1737.0407671867977,4.828340173227502
343657000.0,1738.7699587373902,4.80037301776224
344156500.0,1739.8712187238864,4.772858878161969
344656000.0,1742.167945391824,4.748920070235272
345155500.0,1739.4875948724712,4.721820343395052
345655000.0,1739.3645299022776,4.69285806419748
346154500.0,1737.964003442693,4.663899248893358
346654000.0,1740.9320265925028,4.636119065971343
347153500.0,1741.258939678592,4.608403105247362
347653000.0,1741.6921469023096,4.579043198802651
348152500.0,1739.356321576099,4.552823984963311
348652000.0,1738.8023566819306,4.525506243193718
349151500.0,1738.42252464412,4.496579070908183
349651000.0,1738.7296624624184,4.469631591771872
350150500.0,1736.5969950002095,4.44156394196682
350650000.0,1738.1655451635218,4.412225208858899
351149500.0,1734.106727121989,4.382553152009109
351649000.0,1736.0967964720944,4.35539431186271
352148500.0,1738.1449386741792,4.328290464694533
352648000.0,1735.1305506401427,4.30302491430507
353147500.0,1733.50155893526,4.273877816143681
353647000.0,1733.8143176768083,4.24707354414079
354146500.0,1734.6568018737962,4.218318597430084
354646000.0,1734.7227246801417,4.19256740603123
355145500.0,1732.4297606542575,4.166853583880766
355645000.0,1732.2095049142597,4.1419139690010525
356144500.0,1729.4961823622848,4.116390801410944
356644000.0,1727.779648168142,4.090146331171809
357143500.0,1723.4196857335764,4.064329479533285
357643000.0,1723.3986815973378,4.038546403549049
358142500.0,1714.3864056565951,4.013761544102181
358642000.0,1712.3314427784162,3.9876203507342325
359141500.0,1710.9001150726367,3.9614111118322626
359641000.0,1710.5384926405495,3.9357167750641793
360140500.0,1707.8023295906105,3.909922738341834
360640000.0,1702.6677391913297,3.885123513649546
361139500.0,1697.9579709012255,3.858753631448053
361639000.0,1697.610202070447,3.8368445230400994
362138500.0,1698.5402899651544,3.810900612862838
362638000.0,1697.628890559767,3.7890959167019673
363137500.0,1690.3863046163676,3.763334262418198
363637000.0,1689.8920480568615,3.7396740790001104
364136500.0,1690.2845778175972,3.7168131509615705
364636000.0,1692.0104901906705,3.691149011884022
365135500.0,1692.6796709767182,3.6660048061535235
365635000.0,1696.1560703303114,3.6423736192722345
366134500.0,1697.0282284852126,3.61537039865766
366634000.0,1695.5360767089635,3.5896133439398454
367133500.0,1697.2602192024544,3.5651530007195333
367633000.0,1700.2844148064871,3.5402443465796978
368132500.0,1704.8604513325145,3.5148662514588978
368632000.0,1704.2086371133,3.4899225438738313
369131500.0,1703.6067185442823,3.465011398672459
369631000.0,1703.5857920136104,3.439727578824318
370130500.0,1705.0457381185429,3.4106304050988
370630000.0,1703.6305075431967,3.3842486230589657
371129500.0,1705.2896030235834,3.358331989028102
371629000.0,1705.8011173877817,3.3320052475264674
372128500.0,1708.3191286400984,3.3043753722486144
372628000.0,1710.1930347635373,3.2768348116030666
373127500.0,1711.5788090884998,3.2514788226656037
373627000.0,1714.415815695411,3.224241171756944
374126500.0,1716.5052566582406,3.196439726180415
374626000.0,1723.9007416995005,3.1688621492816083
375125500.0,1725.6959647731485,3.140411606556995
375625000.0,1730.0116831607388,3.1143901267985257
376124500.0,1734.0608599240395,3.0887749493363117
376624000.0,1736.3791148890843,3.061050959270915
377123500.0,1742.16853371902,3.035460689634874
377623000.0,1742.946426493507,3.008437712146815
378122500.0,1744.3215718930812,2.9828916462878396
378622000.0,1746.0815958081662,2.957590398888442
379121500.0,1748.0788491303335,2.9315870436616933
379621000.0,1747.9649763233506,2.905071582229425
380120500.0,1749.8450176589056,2.8776918030730485
380620000.0,1752.5424485404312,2.851673646782956
381119500.0,1755.6822809086125,2.826629993013853
381619000.0,1756.139509896468,2.801357091606519
382118500.0,1755.6300107185475,2.7747488458131784
382618000.0,1755.709422662164,2.7490546576287898
383117500.0,1759.26902257728,2.722671034453924
383617000.0,1761.4690351850556,2.6953256978840727
384116500.0,1763.0074776987435,2.6696645146956826
384616000.0,1762.4479575733976,2.642913760435704
385115500.0,1764.3385676367418,2.6155381436066136
385615000.0,1766.632000622277,2.5877298468119534
386114500.0,1767.47562252016,2.561177934143757
386614000.0,1767.1078843667951,2.5352602406320557
387113500.0,1765.1148581837274,2.5085267054525957
387613000.0,1767.9601044176347,2.4792911165054647
388112500.0,1767.3000195833029,2.452910155533573
388612000.0,1768.6879924419454,2.425516136388296
389111500.0,1765.0527296110297,2.3974637949621638
389611000.0,1763.582498902181,2.3698503831863036
390110500.0,1761.4511059351282,2.3438914333502225
390610000.0,1756.973773593247,2.315483226229844
391109500.0,1755.9929378060806,2.2864140613260133
391609000.0,1754.161186381264,2.257664544821182
392108500.0,1750.5830686508257,2.2292168688795755
392608000.0,1748.0604208716056,2.2029777178773884
393107500.0,1751.4210371603297,2.1752315317741022
393607000.0,1753.9335538094804,2.1477143750382766
394106500.0,1755.511305135829,2.1197477874160313
394606000.0,1753.2713906487877,2.093150752979909
395105500.0,1755.152424693183,2.0670424589433196
395605000.0,1755.0898239450491,2.0402850435875735
396104500.0,1754.1460498380038,2.013834148477372
396604000.0,1754.4448538119584,1.9867195015229981
397103500.0,1751.7326122484635,1.96144666171881
397603000.0,1749.8743850003823,1.9322877523294437
398102500.0,1755.537611751396,1.9064122532280408
398602000.0,1757.7008075741742,1.8804513201533837
399101500.0,1761.258520332805,1.8522456554979954
399601000.0,1759.309048918222,1.8252245784103707
400100500.0,1758.3040200563607,1.7982532361368158
400600000.0,1758.7122640056025,1.7694374024813442
401099500.0,1759.21987725584,1.7439279574373359
401599000.0,1762.3297274238682,1.7162064443665486
402098500.0,1765.9093304326132,1.6893666372249072
402598000.0,1763.4190733048144,1.6604005134428235
403097500.0,1763.797694433501,1.6329463050334425
403597000.0,1764.065911155296,1.6047604213507611
404096500.0,1765.006905109493,1.5768387547143448
404596000.0,1766.1630709290146,1.5480768729986494
405095500.0,1769.085036991993,1.5203982817237147
405595000.0,1764.565710987868,1.491118962141968
406094500.0,1764.7135982448167,1.4632797925600016
406594000.0,1763.728990735702,1.4350206320017378
407093500.0,1763.4949329262122,1.4052837409269614
407593000.0,1764.839556462418,1.3773045756215652
408092500.0,1761.9011216982417,1.3494012506696436
408592000.0,1764.3747962320365,1.3211083012732843
409091500.0,1764.3608204439497,1.295236704749982
409591000.0,1763.63887374122,1.2662608435928178
410090500.0,1766.6494968401296,1.2393952474499201
410590000.0,1765.6638952982796,1.2099013054977377
411089500.0,1764.3164357380117,1.1814396789309285
411589000.0,1766.6402153330148,1.1522480341276378
412088500.0,1759.603679595682,1.1262987649868137
412588000.0,1755.5081963876696,1.0986971636006047
413087500.0,1752.963118188561,1.0710290121212438
413587000.0,1750.3988503991077,1.044105903734021
414086500.0,1745.003104351841,1.0169990763478154
414586000.0,1738.762509957805,0.9905392785434515
415085500.0,1737.8670069749585,0.9660060424184849
415585000.0,1735.347589280731,0.9416496085266317
416084500.0,1735.3589662340955,0.9143839841369754
416584000.0,1734.1763599552255,0.8875429633451404
417083500.0,1732.4028620947588,0.8628230804649775
417583000.0,1732.8840584774673,0.838724553078805
418082500.0,1733.7477092900265,0.8122498005246825
418582000.0,1735.213647457961,0.7885694358375304
419081500.0,1736.083669331667,0.7637565190416353
419581000.0,1737.9442159164694,0.738512006472547
420080500.0,1739.0254695109572,0.7141017423042513
420580000.0,1736.8227970638857,0.6883052229477471
421079500.0,1736.1539826174546,0.662312843852078
421579000.0,1740.225350706232,0.635782655664002
422078500.0,1742.081583861072,0.6096943011781377
422578000.0,1741.1000797939216,0.5849465903286273
423077500.0,1741.8446300490198,0.5584171432658422
423577000.0,1739.0779484305074,0.5305790884253838
424076500.0,1739.240979950395,0.5052913410896736
424576000.0,1736.4245498691364,0.47859297002935364
425075500.0,1736.306203569701,0.4501173835830059
425575000.0,1737.278842700886,0.4230457907173104
426074500.0,1734.6277209913062,0.3958692231741452
426574000.0,1734.5518828228635,0.3686354986681408
427073500.0,1731.5130848405934,0.34284880840527876
427573000.0,1733.433942811656,0.3152636033705676
428072500.0,1734.1760822270178,0.2882632055764134
428572000.0,1734.4944305336485,0.2588498442155469
429071500.0,1735.1106694639104,0.23116289576410054
429571000.0,1735.0120853165697,0.20350090632337015
430070500.0,1732.7402910627336,0.1758830193397216
430570000.0,1728.2964855868458,0.14851422869389808
431069500.0,1727.530030349195,0.12333202632839857
431569000.0,1726.6294443432312,0.09514786431634548
432068500.0,1726.3924462979487,0.06953225421420939
432568000.0,1727.3614015654005,0.04176445885445901
433067500.0,1726.2392715547453,0.015181126987272364
433567000.0,1723.841969714388,-0.014056849331154808
434066500.0,1721.3497029216624,-0.03896641462233674
434566000.0,1721.2386430749211,-0.0663430208128375
435065500.0,1721.0726106120949,-0.09280378088624275
435565000.0,1720.742777296426,-0.11813290704367319
436064500.0,1720.6724578883272,-0.14422900718443543
436564000.0,1721.607845391581,-0.16994676925946806
437063500.0,1718.560624222091,-0.19731535165306013
437563000.0,1718.3336829190616,-0.22238107310010946
438062500.0,1715.793868086245,-0.24949813915770847
438562000.0,1715.756761499826,-0.27483159026451176
439061500.0,1716.114268206035,-0.30099801619280697
439561000.0,1714.6064051281166,-0.32739968509451955
440060500.0,1706.4956744639965,-0.350935679074837
440560000.0,1709.3503892015938,-0.3779899005801326
441059500.0,1708.0660224009875,-0.406322864551953
441559000.0,1704.3554157817232,-0.4334560807449179
442058500.0,1701.76551598307,-0.45880400422959156
442558000.0,1698.494946023788,-0.48384851403159246
443057500.0,1701.271252604035,-0.5094922573151734
443557000.0,1701.4583069163004,-0.5375865601342866
444056500.0,1703.0880390252964,-0.5662623339768516
444556000.0,1703.5410090126466,-0.594661924991783
445055500.0,1699.226616707702,-0.6224318500471782
445555000.0,1696.1652350618756,-0.651466440838476
446054500.0,1691.8218770518515,-0.6793939654545511
446554000.0,1685.5757316825116,-0.7054777189518973
447053500.0,1683.098696561933,-0.7359373231819291
447553000.0,1681.9188269291176,-0.7643549882827756
448052500.0,1677.7398268109375,-0.791586676777456
448552000.0,1673.5973073235275,-0.8214392123998095
449051500.0,1669.5179775635436,-0.8487736645012092
449551000.0,1671.017657228669,-0.8768844517187517
450050500.0,1667.9853006519763,-0.9063483129182259
450550000.0,1666.652751051863,-0.9370174274481542
451049500.0,1663.0194951718106,-0.963109150889295
451549000.0,1661.5276051658632,-0.989763012931121
452048500.0,1662.0706497906992,-1.015534216075821
452548000.0,1660.6782108160266,-1.0427361379734066
453047500.0,1661.6428261004658,-1.0690948175121093
453547000.0,1660.498327774571,-1.097853045482566
454046500.0,1659.068380446348,-1.1251701785471369
454546000.0,1659.5877065125776,-1.1516335009578142
455045500.0,1659.7629326072154,-1.1791594919282034
455545000.0,1660.0184546008122,-1.206854585824317
456044500.0,1662.7157926079838,-1.2346904050596095
456544000.0,1662.1685627697266,-1.2611845814802791
457043500.0,1664.5832278404396,-1.2877887446603609
457543000.0,1665.1194673781115,-1.3158673701890393
458042500.0,1665.4975605754023,-1.3414015639079935
458542000.0,1664.2223207857323,-1.3661844782429853
459041500.0,1663.7407426429693,-1.391683809671349
459541000.0,1663.1472757255235,-1.4166751791261731
460040500.0,1661.2618155927985,-1.4414547290851942
460540000.0,1660.5339048114736,-1.4667445500513168
461039500.0,1663.9160168510798,-1.49222588082921
461539000.0,1663.2066640472433,-1.517913567000278
462038500.0,1668.1479737407285,-1.5442309526654299
462538000.0,1670.7727574268793,-1.5716209692067196
463037500.0,1673.487485573076,-1.5999301339787735
463537000.0,1674.2729490474337,-1.6277233409396104
464036500.0,1671.3710176823477,-1.6529516527190253
464536000.0,1667.449988831675,-1.678509879742819
465035500.0,1664.8357086079282,-1.7042796624737093
465535000.0,1662.972836713799,-1.7314251923244228
466034500.0,1663.063621220973,-1.7595224263925502
466534000.0,1660.862061688507,-1.7848051620005663
467033500.0,1662.2053923889384,-1.8147526737996031
467533000.0,1659.57200429282,-1.841698830224118
468032500.0,1658.1824292049887,-1.8693134967091964
468532000.0,1660.4197355457409,-1.8957110417869671
469031500.0,1657.047341867801,-1.9240923040171083
469531000.0,1653.7653406701484,-1.948086663525487
470030500.0,1655.3245995276277,-1.976151508287444
470530000.0,1654.6822245246992,-2.0019127342494585
471029500.0,1655.8698908178276,-2.0290613547457497
471529000.0,1653.6300756675894,-2.055858074212665
472028500.0,1654.2614673851317,-2.082318594183903
472528000.0,1653.945346652254,-2.1086793210930637
473027500.0,1652.583990476276,-2.133389663312755
473527000.0,1654.2560024286645,-2.1584329900949797
474026500.0,1652.2081815911174,-2.183908574556085
474526000.0,1650.8975975346304,-2.2110398635180672
475025500.0,1654.4069661003073,-2.240254781277031
475525000.0,1650.3277823795995,-2.265704156574543
476024500.0,1647.537932135384,-2.2910349803207737
476524000.0,1645.5745003896047,-2.316994875387877
477023500.0,1645.4358977865063,-2.344637680697133
477523000.0,1647.7793282236073,-2.372514292141318
478022500.0,1646.2234220233806,-2.398454655253886
478522000.0,1645.3948028931854,-2.4251052204923553
479021500.0,1644.7872924486962,-2.452259611917839
479521000.0,1642.2459820433214,-2.479715259868726
480020500.0,1641.5152027541048,-2.507339788018953
480520000.0,1639.997236706056,-2.5338295365380645
481019500.0,1638.9387652594812,-2.562547947475764
481519000.0,1636.3275618748012,-2.591414354979406
482018500.0,1637.6613800606683,-2.6190111977908828
482518000.0,1633.0230392912267,-2.6454646231418337
483017500.0,1631.6280220743251,-2.6739443814137758
483517000.0,1630.6801911182663,-2.699968172843569
484016500.0,1629.07528009906,-2.727354401912976
484516000.0,1625.096564253711,-2.7562667704490877
485015500.0,1624.3204647792536,-2.781762279607392
485515000.0,1621.7431700215034,-2.8077531906824333
486014500.0,1618.6742408138805,-2.8324126695036966
486514000.0,1616.1774479135631,-2.8575463648128334
487013500.0,1613.6366533639157,-2.883863046536817
487513000.0,1614.0041636604,-2.912282333300027
488012500.0,1611.5403178074248,-2.9381974787074796
488512000.0,1608.684581890942,-2.9634123523652534
489011500.0,1607.4112224584092,-2.990165087070636
489511000.0,1608.5640397890609,-3.0184645538158748
490010500.0,1603.1016389269864,-3.0453107589955835
490510000.0,1598.3074173750545,-3.071907277120431
491009500.0,1596.1255805567932,-3.0961850502801553
491509000.0,1594.1122828966954,-3.123050838662948
492008500.0,1591.3483204125992,-3.1484341081833236
492508000.0,1588.3969881925616,-3.171851674212121
493007500.0,1581.0335825591385,-3.1966439667783106
493507000.0,1576.3365186487565,-3.2220348043969125
494006500.0,1572.3938906102985,-3.2491684436708965
494506000.0,1572.366058481876,-3.274621923260156
495005500.0,1570.9231650785434,-3.300402412687504
495505000.0,1572.086259455759,-3.3274400967974316
496004500.0,1569.9625201454044,-3.353452791478162
496504000.0,1572.8889671770935,-3.3801135669353926
497003500.0,1572.8075055087747,-3.4087893268388143
497503000.0,1571.4530073347423,-3.4361515419462876
498002500.0,1569.708208543128,-3.463810720334209
498502000.0,1568.038609040089,-3.48954148574353
499001500.0,1565.5333982858922,-3.516997567250087
499501000.0,1564.509001973877,-3.544127967099257
500000500.0,1561.6190026881693,-3.5735555922194635
500500000.0,1560.815070862714,-3.601047390511326
500999500.0,1556.270625111359,-3.6290702603613454
501499000.0,1557.911422776669,-3.6567852947795245
501998500.0,1557.625312862525,-3.6853479743454045
502498000.0,1559.1088778048045,-3.71291311093853
502997500.0,1557.6882210909946,-3.7396785310031646
503497000.0,1554.1583751022647,-3.7667157356771668
503996500.0,1553.1230583750462,-3.792445045458635
504496000.0,1553.661230909626,-3.823424203484251
504995500.0,1553.4068559205894,-3.850106708313433
505495000.0,1553.1960744513065,-3.8783372644248857
505994500.0,1551.3026236659784,-3.904549499978202
506494000.0,1549.7004181346747,-3.932753574442586
506993500.0,1544.1362448808063,-3.960258783488939
507493000.0,1542.2642181964354,-3.985553565172495
507992500.0,1541.576571263626,-4.011879233424224
508492000.0,1536.5909135667296,-4.039504534287516
508991500.0,1536.7378034772885,-4.066463037618064
509491000.0,1534.721484953744,-4.0926977918234115
509990500.0,1531.0454066872946,-4.119025149597974
510490000.0,1529.5837187438194,-4.14666835209789
510989500.0,1524.216621237632,-4.174415921797959
511489000.0,1524.6233167560986,-4.20172067496685
511988500.0,1524.5911277814987,-4.227794197244862
512488000.0,1523.3307758661897,-4.253500828770598
512987500.0,1521.329153216152,-4.280385142115506
513487000.0,1520.0028312310012,-4.306324577353735
513986500.0,1517.6261112358222,-4.334715096140258
514486000.0,1514.253866712451,-4.361582649724937
514985500.0,1509.1652899845817,-4.389438554420508
515485000.0,1509.8741968439256,-4.415927378194169
515984500.0,1510.4987953936766,-4.4425566962733
516484000.0,1510.016667367208,-4.470359456224855
516983500.0,1508.246318648641,-4.49726278376113
517483000.0,1509.8598989263023,-4.525695311939671
517982500.0,1509.1830166764485,-4.552939731729566
518482000.0,1505.3945615323798,-4.581673182490363
518981500.0,1505.9263090777004,-4.609046439417398
519481000.0,1504.1152974120337,-4.6334684919562505
519980500.0,1499.3272127935572,-4.660898575755368
520480000.0,1499.5275923870872,-4.685672784206417
520979500.0,1501.480532714627,-4.713194738950506
521479000.0,1501.6008213372888,-4.740746846303523
521978500.0,1501.3793491260571,-4.7689738487005116
522478000.0,1501.839763821281,-4.796690143780324
522977500.0,1498.3540871149728,-4.8251402404569035
523477000.0,1498.5479631778765,-4.854202008600282
523976500.0,1497.8169673583884,-4.882108856740388
524476000.0,1492.0089561240918,-4.909066809572323
524975500.0,1492.5071679728735,-4.936695497628193
525475000.0,1492.1241367355678,-4.964423792010734
525974500.0,1490.2758329531048,-4.9933013103946
526474000.0,1491.1562123425065,-5.01939628310663
526973500.0,1489.616961770991,-5.04643166869198
527473000.0,1483.9463071475088,-5.075254837271245
527972500.0,1480.6069018468293,-5.103077761839586
528472000.0,1481.3510918459451,-5.132051377817788
528971500.0,1482.0838717681345,-5.159007248129797
529471000.0,1478.913451115022,-5.188169996869306
529970500.0,1478.1193093513696,-5.216497058268033
530470000.0,1477.3961791117292,-5.244183387188627
530969500.0,1479.068793622029,-5.273549088941309
531469000.0,1477.838490874261,-5.3023372976497285
531968500.0,1477.4424795973607,-5.329692657292981
532468000.0,1479.0143674802473,-5.358418960275799
532967500.0,1478.7694838765274,-5.386010202135822
533467000.0,1478.326747630492,-5.414261971257247
533966500.0,1476.1314604510765,-5.4410560603591875
534466000.0,1472.672628655822,-5.469174558690042
534965500.0,1473.9455927365248,-5.496287489673136
535465000.0,1473.407283184324,-5.523858214471375
535964500.0,1475.6352184287198,-5.549680104023878
536464000.0,1476.831038040366,-5.576042651022249
536963500.0,1475.1648139057515,-5.6020833722569705
537463000.0,1471.3939239769304,-5.629564128083075
537962500.0,1470.7089976977952,-5.657368307784395
538462000.0,1469.7777733221355,-5.683549711905471
538961500.0,1472.265938481899,-5.7128599375029125
539461000.0,1471.2017369557104,-5.738800374127436
539960500.0,1470.097332165608,-5.764677530630593
540460000.0,1466.726973307832,-5.791063649380135
540959500.0,1464.8876107581996,-5.819833739957517
541459000.0,1463.5658240188186,-5.846774625269859
541958500.0,1465.144543395018,-5.871206528751827
542458000.0,1466.0237856608233,-5.897328800693231
542957500.0,1463.094184887587,-5.925941032304195
543457000.0,1464.214321384581,-5.95314735759564
543956500.0,1464.0922338518542,-5.981179535382012
544456000.0,1461.0379990081,-6.008477255095045
544955500.0,1457.1776601502695,-6.036910643232318
545455000.0,1454.2541075622703,-6.063942534835746
545954500.0,1451.0943068180843,-6.090906215594941
546454000.0,1448.3038968992605,-6.1174591233171896
546953500.0,1441.3535281308757,-6.146826052916822
547453000.0,1435.701495403791,-6.174104967524045
547952500.0,1434.9358866187522,-6.201886199903356
548452000.0,1432.5105594264617,-6.22960272967282
548951500.0,1428.6853514880738,-6.256433063922486
549451000.0,1427.6071110559244,-6.284233005143278
549950500.0,1429.9444995771246,-6.311671411783436
550450000.0,1428.1583356349165,-6.339814053612713
550949500.0,1426.8294804161685,-6.370356632814037
551449000.0,1426.4601710163558,-6.398644738282542
551948500.0,1424.1041144570663,-6.427533714404149
552448000.0,1423.634642949545,-6.455154526147112
552947500.0,1423.694651247628,-6.482213192340964
553447000.0,1425.081187944571,-6.509262569357247
553946500.0,1423.3160407820665,-6.536138802702908
554446000.0,1422.7255639559385,-6.563422565556152
554945500.0,1423.7424718600578,-6.590891986098882
555445000.0,1423.9255353351332,-6.618278169928772
555944500.0,1422.414333351525,-6.646701415956386
556444000.0,1423.8493055530023,-6.673733480696001
556943500.0,1422.0253848021705,-6.702886398197279
557443000.0,1418.95655028622,-6.730898076279345
557942500.0,1420.6843887433636,-6.758340471630618
558442000.0,1419.136654858867,-6.785798688600039
558941500.0,1417.1175902042976,-6.813624272102857
559441000.0,1417.797077337211,-6.838503592153984
559940500.0,1414.9945775480828,-6.867612568557433
560440000.0,1413.4040312810043,-6.895347734626398
560939500.0,1413.250689065477,-6.921907513271094
561439000.0,1409.55614553912,-6.950603169144188
561938500.0,1404.7216037182511,-6.978404263273546
562438000.0,1400.677441809162,-7.006403895799963
562937500.0,1401.7747625408683,-7.034360482045713
563437000.0,1397.7275467848467,-7.06362951226447
563936500.0,1395.4540110070204,-7.090894725240105
564436000.0,1392.9561662073245,-7.119446981284341
564935500.0,1391.966426006151,-7.147437167387693
565435000.0,1390.2610672105025,-7.176204470959078
565934500.0,1388.553059189665,-7.204641066592558
566434000.0,1388.702271455725,-7.232901901509194
566933500.0,1389.711867997068,-7.2622434029913165
567433000.0,1386.8167455343792,-7.290517545847138
567932500.0,1383.9324920584224,-7.319292209621381
568432000.0,1380.8914071843558,-7.347666225675425
568931500.0,1378.0065728684042,-7.377037618421696
569431000.0,1378.7797349154755,-7.405111321418417
569930500.0,1373.250339980346,-7.432689843682624
570430000.0,1368.816496128774,-7.459814696446642
570929500.0,1366.7645035196506,-7.486921424534216
571429000.0,1363.2977135199617,-7.516445235819333
571928500.0,1360.386601344784,-7.5444306308501154
572428000.0,1360.2752314688514,-7.57183870598476
572927500.0,1360.3062418686804,-7.600603471484874
573427000.0,1358.4825220950545,-7.630802739460819
573926500.0,1354.6346914609044,-7.659322013434462
574426000.0,1354.442698667115,-7.687094170305613
574925500.0,1351.4431760438142,-7.716683245703621
575425000.0,1352.8685266150296,-7.74554371825036
575924500.0,1351.932283789111,-7.773381553753438
576424000.0,1352.7504868316369,-7.8004899988417264
576923500.0,1352.6672642055355,-7.831074655050088
577423000.0,1350.688374640212,-7.860861484570933
577922500.0,1352.0062434627323,-7.890279543691236
578422000.0,1349.330447834969,-7.919982769078388
578921500.0,1344.0905622832477,-7.947833281107364
579421000.0,1342.628753329151,-7.9778883412550385
579920500.0,1340.2673169579418,-8.006114958685316
580420000.0,1338.5985010464149,-8.037107773985326
580919500.0,1336.6883042634522,-8.068032906349686
581419000.0,1335.1823070031194,-8.09947873736121
581918500.0,1335.1527284585563,-8.126501427026028
582418000.0,1333.6954924008924,-8.154502092919188
582917500.0,1331.7293168464837,-8.183368627383174
583417000.0,1330.7970693868697,-8.21283305978659
583916500.0,1327.8898560406728,-8.240629286035983
584416000.0,1326.5515004935503,-8.26990248359823
584915500.0,1324.4544819149626,-8.29933224637864
585415000.0,1322.2728930063247,-8.330593961225304
585914500.0,1319.7773285013695,-8.359632464437368
586414000.0,1318.375442368036,-8.38812685687401
586913500.0,1317.6542384777713,-8.416131050978606
587413000.0,1314.6293197353084,-8.445231835520644
587912500.0,1311.2873775011387,-8.474804281698084
588412000.0,1309.4633267356492,-8.502131979792921
588911500.0,1305.6919096829126,-8.530358327831095
589411000.0,1304.56932581131,-8.559243505886457
589910500.0,1302.9921517416958,-8.585471951133286
590410000.0,1301.6604948161485,-8.614720396319512
590909500.0,1301.289960711426,-8.643432133068018
591409000.0,1298.359138906137,-8.672065422462538
591908500.0,1298.1290804348396,-8.70092538428014
592408000.0,1296.9214545312032,-8.728556973085688
592907500.0,1295.7149830136934,-8.758156554428297
593407000.0,1295.547535774021,-8.787154795113679
593906500.0,1295.2168881232603,-8.814818691578353
594406000.0,1294.4708024526826,-8.845001929109571
594905500.0,1292.7451609522566,-8.871657161487747
595405000.0,1289.3289744895203,-8.900124675986945
595904500.0,1287.4630640750504,-8.929252619388535
596404000.0,1284.3907876414055,-8.955633514368856
596903500.0,1282.5844489590736,-8.9829445556245
597403000.0,1281.0912410445296,-9.010704603121667
597902500.0,1279.466671317095,-9.039272552712077
598402000.0,1279.2700348640346,-9.067360751530828
598901500.0,1276.9119227258584,-9.097288973109585
599401000.0,1277.1222866039695,-9.125523388648958
599900500.0,1274.928932978475,-9.152956710576746
600400000.0,1274.5379000157714,-9.181667058270932
600899500.0,1274.2955049068682,-9.21006204834839
601399000.0,1272.6252528208547,-9.23804468528283
601898500.0,1270.6091111637986,-9.265983619344752
602398000.0,1269.8691846940517,-9.294532048966971
602897500.0,1269.901604753974,-9.32332829457016
603397000.0,1268.7513937944811,-9.35353581893935
603896500.0,1267.5683871936162,-9.380371100198431
604396000.0,1265.7971999503318,-9.409558782136514
604895500.0,1266.049570021344,-9.43874397293007
605395000.0,1267.4386074384688,-9.467542867737393
605894500.0,1266.2707972331586,-9.498918789441632
606394000.0,1264.035552089199,-9.528589754209634
606893500.0,1263.8397078467406,-9.559430918479848
607393000.0,1261.4890084236802,-9.589836418717937
607892500.0,1260.078793013624,-9.62101966575176
608392000.0,1257.4550904304128,-9.650618773879273
608891500.0,1255.947246302029,-9.679367206641473
609391000.0,1254.066992695891,-9.709407931889245
609890500.0,1251.938454092591,-9.740411425272669
610390000.0,1249.8892399261474,-9.769342744845972
610889500.0,1245.8737327223505,-9.800172870668916
611389000.0,1242.390743266771,-9.829815787865755
611888500.0,1238.9924420443906,-9.861429273360727
612388000.0,1235.7367375360595,-9.892734271548875
612887500.0,1232.1357989659955,-9.922324478626479
613387000.0,1229.4983866181592,-9.952989644281615
613886500.0,1228.7896994859134,-9.985139095440786
614386000.0,1227.0101137824895,-10.016159929726427
614885500.0,1225.2395011756694,-10.048008225591957
615385000.0,1221.1888917450613,-10.079844287599258
615884500.0,1221.10666362929,-10.110364723162888
616384000.0,1216.56213140543,-10.139201554752503
616883500.0,1214.2461564311766,-10.168990304983822
617383000.0,1213.3657762629064,-10.199417747098437
617882500.0,1211.967061333433,-10.229276914316074
618382000.0,1209.099057762443,-10.259717763603476
618881500.0,1207.9672736782695,-10.293588512582915
619381000.0,1205.632904174404,-10.32517939038155
619880500.0,1203.6218346668247,-10.357022527342906
620380000.0,1203.226155325509,-10.387500766193853
620879500.0,1200.8297653635475,-10.416827866091694
621379000.0,1197.6706441438705,-10.447334597926442
621878500.0,1194.9865168217457,-10.476306049207551
622378000.0,1195.160665870763,-10.504790204602159
622877500.0,1194.1882242770866,-10.533281926048176
623377000.0,1190.595890835018,-10.562908990082178
623876500.0,1189.883092505831,-10.592231827764294
624376000.0,1187.2979890771358,-10.62243980052051
624875500.0,1184.6981031180212,-10.654817532058019
625375000.0,1181.4823433480828,-10.686659900160407
625874500.0,1180.3743360971885,-10.716387180583979
626374000.0,1179.6527038838,-10.747942711419114
626873500.0,1178.4885881403518,-10.778196895026667
627373000.0,1179.253536138562,-10.80914806910289
627872500.0,1179.39207480195,-10.839144974808505
628372000.0,1176.4707137589735,-10.868000418896372
628871500.0,1177.7862224685882,-10.896444019102432
629371000.0,1174.6726528902818,-10.924751171565049
629870500.0,1173.226095027878,-10.9553635010559
630370000.0,1172.807560627527,-10.984876706015939
630869500.0,1169.5435006976452,-11.014732700966192
631369000.0,1168.7972729919495,-11.045106195815947
631868500.0,1166.478619617385,-11.077527882678055
632368000.0,1167.093963073777,-11.107536910899853
632867500.0,1166.1504063295297,-11.139521636162044
633367000.0,1166.5342789935717,-11.170527298682146
633866500.0,1164.0627153558353,-11.20074325946814
634366000.0,1159.599241426993,-11.230501229209267
634865500.0,1158.3146890437615,-11.261468203425352
635365000.0,1156.077501644842,-11.291367896732936
635864500.0,1156.423269172137,-11.32003245700946
636364000.0,1156.1469893040075,-11.352632015069958
636863500.0,1155.468868224439,-11.383296761549218
637363000.0,1155.771911507282,-11.413893828091773
637862500.0,1155.3106182327235,-11.445406543603326
638362000.0,1151.621327906375,-11.476264261913911
638861500.0,1151.346283985616,-11.510780944752469
639361000.0,1150.4959813848238,-11.542325587538699
639860500.0,1149.2934200759707,-11.573815442458795
640360000.0,1147.876986810274,-11.60777587047562
640859500.0,1147.090287077921,-11.640094405889613
641359000.0,1145.9157608465148,-11.67396817567851
641858500.0,1143.8253262773508,-11.707967382531592
642358000.0,1146.1187778023932,-11.741588067249154
642857500.0,1144.118503859899,-11.775143190184735
643357000.0,1142.5190070626022,-11.807462526146878
643856500.0,1142.381787194151,-11.841211641344444
644356000.0,1137.9824559037943,-11.876758680951639
644855500.0,1135.0119557528944,-11.910467895940428
645355000.0,1131.0494148967591,-11.945952822557274
645854500.0,1129.862419093257,-11.98180716406921
646354000.0,1128.227555404924,-12.018384061533197
646853500.0,1124.8077154537027,-12.05080160003547
647353000.0,1122.5229673254034,-12.084965101134799
647852500.0,1120.4062907380126,-12.121004221856083
648352000.0,1118.741145507522,-12.155066290015839
648851500.0,1115.9420162421402,-12.188612597329211
649351000.0,1114.376728307625,-12.222849438043454
649850500.0,1110.95377938866,-12.258728421664841
650350000.0,1109.1601393604806,-12.292106503673153
650849500.0,1105.469726181006,-12.32722173783543
651349000.0,1102.227952161551,-12.360604379023243
651848500.0,1098.5623847866984,-12.395041799142518
652348000.0,1095.6457882662378,-12.430757029275355
652847500.0,1092.2714796363532,-12.467034049675703
653347000.0,1088.405173495427,-12.501644822025128
653846500.0,1085.4852991514952,-12.535217515331624
654346000.0,1084.5203503480575,-12.56828884334709
654845500.0,1081.7058779014312,-12.600184740526629
655345000.0,1077.409044328112,-12.631790554678673
655844500.0,1075.533222584868,-12.663668233859426
656344000.0,1073.6502346898983,-12.694695604854815
656843500.0,1073.4676752268042,-12.72874048558765
657343000.0,1070.1995453196207,-12.761431239631293
657842500.0,1067.675947946165,-12.79616772517329
658342000.0,1065.183393445379,-12.829646146542927
658841500.0,1062.343129749985,-12.864569081109948
659341000.0,1059.291191859348,-12.898122239450913
659840500.0,1057.1279979108856,-12.931077586690435
660340000.0,1058.0344527213722,-12.965027088703437
660839500.0,1057.3317651630136,-12.99893024545554
661339000.0,1055.1848145676522,-13.033328285370317
661838500.0,1053.660336716492,-13.067681533018458
662338000.0,1051.7242072890394,-13.101652375844878
662837500.0,1047.8677000099633,-13.13539675647462
663337000.0,1046.0542280680745,-13.16913143103875
663836500.0,1042.3472631111936,-13.202983717025518
664336000.0,1038.4410684994114,-13.238573456555287
664835500.0,1034.1219737728247,-13.272290119988611
665335000.0,1030.561995447033,-13.308355156959806
665834500.0,1028.6663372183032,-13.34376155268751
666334000.0,1025.0907821326516,-13.379593019692038
666833500.0,1022.8128497144762,-13.416215345074079
667333000.0,1019.5659475662655,-13.452826620671658
667832500.0,1014.496653133246,-13.488555770233688
668332000.0,1008.72081378058,-13.524298279501409
668831500.0,1003.867360377786,-13.559668100483805
669331000.0,999.4471831006184,-13.595290317326771
669830500.0,996.345762376712,-13.632160764244873
670330000.0,993.2754852368298,-13.668187397601287
670829500.0,988.2916793842246,-13.706109580852853
671329000.0,983.407998649841,-13.739880545674396
671828500.0,978.2032777082816,-13.776009141235818
672328000.0,971.2800344851688,-13.813227669966409
672827500.0,964.7207914646156,-13.851510563055399
673327000.0,960.4791171555058,-13.89136297789537
673826500.0,955.8289719305722,-13.928018058786392
674326000.0,949.7321882194674,-13.964223458072865
674825500.0,944.475443453905,-14.002275539403172
675325000.0,940.4022421957656,-14.039421045931931
675824500.0,934.5309860455724,-14.07703207220402
676324000.0,930.1199568472108,-14.1157888424857
676823500.0,926.249050059786,-14.1517205251846
677323000.0,919.5033411425608,-14.1906562632837
677822500.0,913.9712709355758,-14.228543410849852
678322000.0,909.96185549555,-14.26857355303082
678821500.0,903.8247057592584,-14.307193321696559
679321000.0,899.0001111278872,-14.346553693681017
679820500.0,893.9297569206985,-14.385334953952679
680320000.0,888.7293925106226,-14.42519846684263
680819500.0,884.2673919322148,-14.461980185245466
681319000.0,879.192080788298,-14.499145822934452
681818500.0,876.5514658380005,-14.538384947527675
682318000.0,872.0212854602778,-14.576853255017795
682817500.0,867.4617121558822,-14.614546414107963
683317000.0,863.0570735415959,-14.652366837253794
683816500.0,859.0695987167479,-14.691300106008839
684316000.0,852.8784082045789,-14.72940068351113
684815500.0,849.4088247878169,-14.767676074855899
685315000.0,843.8916893975565,-14.80774488909924
685814500.0,837.9948971948132,-14.84716047493157
686314000.0,832.4379960319403,-14.887307041925169
686813500.0,826.5009570231696,-14.926863924284817
687313000.0,820.7134730113869,-14.965114675110271
687812500.0,814.3271128419345,-15.00410366640972
688312000.0,807.4948711586243,-15.044475640970632
688811500.0,801.2321461658277,-15.08283421168403
689311000.0,793.1931379545449,-15.121459495517911
689810500.0,786.2365606562189,-15.160376105050545
690310000.0,780.7490864457924,-15.19922782403205
690809500.0,774.0788285336806,-15.238142786502522
691309000.0,768.3191596201896,-15.278995191398053
691808500.0,760.6946474401428,-15.31707650422436
692308000.0,753.623331977509,-15.355882237439118
692807500.0,746.0852535306021,-15.393070699916962
693307000.0,739.7949939064567,-15.430066971818178
693806500.0,732.7925021638252,-15.467614681936993
694306000.0,726.6681245088856,-15.507173773713703
694805500.0,721.3389704377413,-15.546390782955541
695305000.0,712.9904462228625,-15.585957833210387
695804500.0,704.8903991773998,-15.626039958364572
696304000.0,697.2455543502808,-15.664106219808446
696803500.0,689.5382938646433,-15.702165751577695
697303000.0,681.6277279383752,-15.741132314684819
697802500.0,673.7444574909663,-15.780763916015985
698302000.0,666.5076009766833,-15.818833497120067
698801500.0,658.262291162682,-15.857407795532026
699301000.0,650.9263816774326,-15.89617092092567
699800500.0,643.8915327859285,-15.937308212925018
700300000.0,637.502759344876,-15.976992452511922
700799500.0,629.4869065011902,-16.01592466796228
701299000.0,621.5453667310043,-16.055869473833354
701798500.0,613.2558087310796,-16.093675448202475
702298000.0,605.2734730265307,-16.133067780226156
702797500.0,598.1910521842675,-16.171332605125144
703297000.0,589.9726254776102,-16.209048163934312
703796500.0,581.6665663769274,-16.249218788471353
704296000.0,574.6061163672251,-16.286799435623152
704795500.0,566.8245745558937,-16.326307989909537
705295000.0,559.3299566611962,-16.365475588148684
705794500.0,551.4592239143738,-16.403415184028518
706294000.0,543.7820333670287,-16.443102939030723
706793500.0,535.7403372224368,-16.4836235153698
707293000.0,528.0021450973861,-16.52386078763925
707792500.0,519.3879844565749,-16.564584947553385
708292000.0,512.1783664475507,-16.60010223283234
708791500.0,504.91566230819865,-16.63787310180669
709291000.0,498.26563251968497,-16.677489014532284
709790500.0,491.1422255135511,-16.716644730069447
710290000.0,482.94287705299735,-16.757017838037427
710789500.0,475.6611238015111,-16.79765731354655
711289000.0,468.1978146993745,-16.83515294285894
711788500.0,461.45232681968736,-16.873553184634147
712288000.0,454.67974402100873,-16.91325055123434
712787500.0,447.6033527790304,-16.953158150903846
713287000.0,439.92817825713854,-16.992120738449785
713786500.0,432.4216872338385,-17.032822971691758
714286000.0,425.53564428254674,-17.072061301590793
714785500.0,419.2477254702895,-17.110499845636923
715285000.0,413.5782593161512,-17.148169980783223
715784500.0,407.752815061806,-17.186983849379658
716284000.0,402.2753048818381,-17.22635853907559
716783500.0,395.92644721727765,-17.265051235318197
717283000.0,390.7535879306404,-17.302694138902098
717782500.0,384.8003362042136,-17.3406251585468
718282000.0,379.2470953124857,-17.379144816731923
718781500.0,373.6913409692982,-17.416168331711333
719281000.0,367.8993168849219,-17.455591716026674
719780500.0,361.52613395586735,-17.49530402928758
720280000.0,355.56379552508326,-17.53353359136213
720779500.0,349.4848307769004,-17.570873618245514
721279000.0,343.8200642113852,-17.609770049038616
721778500.0,338.2158892693295,-17.64839993356327
722278000.0,331.8118816084598,-17.688263560049336
722777500.0,325.95880146189086,-17.72557859011772
723277000.0,320.7208201071343,-17.762543837430712
723776500.0,314.8044594888525,-17.799897744532473
724276000.0,309.1891369564029,-17.836185240569193
724775500.0,304.28436946846284,-17.874404751115662
725275000.0,299.0189470883366,-17.9118902971461
725774500.0,293.38162757407645,-17.948298122107644
726274000.0,287.55506487683914,-17.98496686633257
726773500.0,282.35314992911026,-18.02132864950113
727273000.0,276.8402357646534,-18.058334162021538
727772500.0,271.40808230439194,-18.094531633086035
728272000.0,266.00895619755727,-18.13278957926059
728771500.0,261.0029449414292,-18.17002237178417
729271000.0,255.4605353805364,-18.206183139592667
729770500.0,249.7381447347547,-18.244030294876893
730270000.0,245.01021998929204,-18.27997871826119
730769500.0,239.57019287568136,-18.313982170982854
731269000.0,234.86875731013072,-18.35096017155388
731768500.0,229.83050625265392,-18.38699807708099
732268000.0,225.70269989747277,-18.423300100029564
732767500.0,221.42725153896745,-18.457957358826434
733267000.0,217.32090765129115,-18.493259427102657
733766500.0,212.8775811684415,-18.528386295927476
734266000.0,208.6909316854788,-18.563749127031542
734765500.0,205.12094778365568,-18.598731490623322
735265000.0,200.4492756912944,-18.633745109394567
735764500.0,196.04647545175808,-18.66920114548884
736264000.0,191.93879086237035,-18.702707978395665
736763500.0,187.96042737361623,-18.737737632858398
737263000.0,184.02207563024425,-18.77133073725622
737762500.0,179.57061024300646,-18.80684379381728
738262000.0,175.6961083331549,-18.84267388927401
738761500.0,172.03380432528377,-18.87908099364381
739261000.0,168.32967716041432,-18.915911722441024
739760500.0,164.78220120023934,-18.95150927761074
740260000.0,160.83427062007593,-18.987190556955056
740759500.0,157.3121162318661,-19.02352906426131
741259000.0,153.56137798445846,-19.059854209661125
741758500.0,150.3775336361916,-19.09374503854724
742258000.0,147.2619771853476,-19.13037476803197
742757500.0,143.985142677475,-19.164560456821846
743257000.0,141.0235986491288,-19.202319889394403
743756500.0,137.6037107087237,-19.239169125692797
744256000.0,134.534732812552,-19.275268727772982
744755500.0,131.1877814239901,-19.313012338362114
745255000.0,128.2584735331357,-19.34912629977157
745754500.0,125.24527587264446,-19.383556142230873
746254000.0,122.51556812118748,-19.41930807586391
746753500.0,119.40488766135942,-19.457859838269087
747253000.0,116.33758213811277,-19.494348135651308
747752500.0,113.32678542854958,-19.52983607418173
748252000.0,110.64690815655108,-19.564047630539562
748751500.0,108.03050652273106,-19.60027937866562
749251000.0,105.23968628578876,-19.633888419641607
749750500.0,102.9383273144194,-19.6690574916679
750250000.0,100.5574764055912,-19.70525708827813
750749500.0,98.22263278139792,-19.737693996456528
751249000.0,95.83971977422684,-19.772126398868522
751748500.0,93.51987577146636,-19.80577914404148
752248000.0,91.14931760133337,-19.839547359269545
752747500.0,88.61508865292122,-19.873323628868775
753247000.0,86.29370744548042,-19.907134874376652
753746500.0,84.14630487899758,-19.943044540866822
754246000.0,82.03869063964825,-19.978217294552906
754745500.0,79.8441250730653,-20.01153365796131
755245000.0,77.68063586722198,-20.047510587820625
755744500.0,75.73328107222946,-20.08131280551288
756244000.0,73.55161005308389,-20.112629401832464
756743500.0,71.27343614441679,-20.14339248289548
757243000.0,69.4445572959877,-20.176070920249458
757742500.0,67.37773111093831,-20.208213480681025
758242000.0,65.34196543677992,-20.239071685217823
758741500.0,63.62328355583271,-20.269671182293905
759241000.0,62.043352164322805,-20.302292363267725
759740500.0,60.21867300893141,-20.333259676925763
760240000.0,58.54691903279689,-20.36362632954524
760739500.0,57.030896456868206,-20.39609127669405
761239000.0,55.266455158026346,-20.42663478383838
761738500.0,53.44260720315402,-20.456377217119098
762238000.0,51.869419622732224,-20.48775419904655
762737500.0,50.28603859177014,-20.51909218789865
763237000.0,48.87135584390379,-20.548962383555818
763736500.0,47.377919417708746,-20.578285447978487
764236000.0,45.88444874628601,-20.609491471255524
764735500.0,44.31475657104766,-20.640837091431194
765235000.0,42.86845639010812,-20.67182819328741
765734500.0,41.67383472200946,-20.704278713199756
766234000.0,40.4277410497612,-20.734639153328544
766733500.0,39.28760208184816,-20.765705665957512
767233000.0,38.1425126898715,-20.796131477965673
767732500.0,36.91978822967944,-20.82575263238391
768232000.0,35.72964834887548,-20.855786546592526
768731500.0,34.482914614519686,-20.885648667958094
769231000.0,33.38410802415823,-20.913774408936888
769730500.0,32.26753528052917,-20.942619188236222
770230000.0,31.12090467903756,-20.970586613958403
770729500.0,30.027157586158356,-20.999121879496442
771229000.0,29.06997632885369,-21.027773931034744
771728500.0,28.0360246231124,-21.0553017398488
772228000.0,26.93254585283919,-21.081985731860414
772727500.0,26.003949277242704,-21.10893674985323
773227000.0,25.129940916993142,-21.135995819000982
773726500.0,24.210199895987117,-21.161814463059045
774226000.0,23.27922576251609,-21.188325332298746
774725500.0,22.43469169906362,-21.21565414857696
775225000.0,21.68732193812123,-21.240762065618128
775724500.0,20.89891036870281,-21.264535919431182
776224000.0,20.152441001566185,-21.28861251135254
776723500.0,19.346236207643432,-21.313696040394007
777223000.0,18.59867139707601,-21.33553416859968
777722500.0,17.857800613564997,-21.35967256721824
778222000.0,17.273760321700003,-21.383415818622325
778721500.0,16.687215704741426,-21.40543627725242
779221000.0,16.09056639101147,-21.428524776860286
779720500.0,15.537240747071287,-21.44991929321509
780220000.0,14.89120253302119,-21.470497827990357
780719500.0,14.311586702946872,-21.490222910636476
781219000.0,13.664407984843018,-21.508742868630634
781718500.0,13.073294747293856,-21.52752765932587
782218000.0,12.638931275739257,-21.543973240909963
782717500.0,12.140862447607246,-21.561948185046276
783217000.0,11.694755684239404,-21.579029854107148
783716500.0,11.235034330551724,-21.593077834430915
784216000.0,10.772457587320403,-21.606251654100106
784715500.0,10.28818518783286,-21.617583422260395
785215000.0,9.907894387211924,-21.62654547529337
785714500.0,9.489934356945584,-21.63729146814535
786214000.0,9.067169248086405,-21.64656397496242
786713500.0,8.703339546649588,-21.655634105225317
787213000.0,8.336435791388324,-21.66432359898522
787712500.0,7.975758927874574,-21.67217974178402
788212000.0,7.645461461350329,-21.67845264237053
788711500.0,7.338470453049309,-21.681549105293925
789211000.0,7.047822991630419,-21.682942804571667
789710500.0,6.769449822214936,-21.6843229837973
790210000.0,6.527958233664672,-21.682820806994414
790709500.0,6.273513314989113,-21.68117232435452
791209000.0,6.025558951306466,-21.679287177276137
791708500.0,5.796560911989793,-21.678927515463556
792208000.0,5.593468348982898,-21.672625412874595
792707500.0,5.422966797451967,-21.667174829825854
793207000.0,5.257547418817226,-21.6628457542231
793706500.0,5.074842187193831,-21.656234007846024
794206000.0,4.903484216068243,-21.64818256419926
794705500.0,4.756352424587254,-21.639587752449643
795205000.0,4.589016536314508,-21.63246924657301
795704500.0,4.450373620447544,-21.62416461016869
796204000.0,4.339650624967107,-21.61569887336441
796703500.0,4.2428809757897,-21.608805895357364
797203000.0,4.142590213782468,-21.598605490850332
797702500.0,4.051237851460913,-21.589014499116956
798202000.0,3.976170274933073,-21.57911872543241
798701500.0,3.9181800136794,-21.57186232453546
799201000.0,3.858954498984959,-21.564296331099285
799700500.0,3.8142179418344586,-21.557431678727653
800200000.0,3.7851132506669583,-21.552244433519036
800699500.0,3.711945308056526,-21.547881378962302
801199000.0,3.6766325750528086,-21.542513212834137
801698500.0,3.631216984955509,-21.539597832679647
802198000.0,3.588047862408983,-21.536349826664036
802697500.0,3.5486160182296134,-21.53295002918844
803197000.0,3.5221289121636734,-21.52945200312047
803696500.0,3.4972599072660837,-21.52981507847494
804196000.0,3.4740564936414007,-21.530466835631614
804695500.0,3.455559299011659,-21.527910619195836
805195000.0,3.4456785559449417,-21.530711016872374
805694500.0,3.426931413449526,-21.530083395112115
806194000.0,3.417092707441292,-21.53190200523568
806693500.0,3.415244508545777,-21.53777285549495
807193000.0,3.3973393114073955,-21.54417141945396
807692500.0,3.386318504141009,-21.549140939148174
808192000.0,3.378558977921892,-21.5570766599526
808691500.0,3.36291146305664,-21.565669745322566
809191000.0,3.345812941614662,-21.57627099402157
809690500.0,3.35337548122632,-21.58491950802363
810190000.0,3.346152938421341,-21.595762289628055
810689500.0,3.332883424781811,-21.60676331327818
811189000.0,3.318057271088299,-21.619135767553416
811688500.0,3.313689392668141,-21.632121619683403
812188000.0,3.303992725870965,-21.64745730840741
812687500.0,3.293152706198795,-21.65970115963114
813187000.0,3.2829673763696587,-21.67563449503382
813686500.0,3.277866020890828,-21.690663985831407
814186000.0,3.26259446861196,-21.704240141616765
814685500.0,3.2528409631227064,-21.718727294049586
815185000.0,3.2338224498652317,-21.733001667439794
815684500.0,3.2158555540729283,-21.747676143225817
816184000.0,3.203541518064863,-21.765918642172437
816683500.0,3.1768016769877447,-21.781009243498602
817183000.0,3.152320585445801,-21.801096275716873
817682500.0,3.1339216283817293,-21.81854189364367
818182000.0,3.1125596043283457,-21.83647446347527
818681500.0,3.084772248816214,-21.85490440536637
819181000.0,3.058510615442676,-21.872512676761062
819680500.0,3.024904574717705,-21.892989744079614
820180000.0,2.999454917593348,-21.912591025851725
820679500.0,2.967438663224818,-21.932768384536075
821179000.0,2.9410777773394057,-21.95256919818985
821678500.0,2.909983592204407,-21.972635391576432
822178000.0,2.8827036213671176,-21.993161202544343
822677500.0,2.84861230937288,-22.01153048414176
823177000.0,2.818001566550502,-22.031819535269506
823676500.0,2.787644437627138,-22.053622794982402
824176000.0,2.7565960051696683,-22.07406362570987
824675500.0,2.722772516398336,-22.09695586878388
825175000.0,2.6914196334186,-22.118793077503824
825674500.0,2.663275512924903,-22.136262284890563
826174000.0,2.633390080244069,-22.16001377004841
826673500.0,2.603203943067009,-22.1799917565711
827173000.0,2.573031792020125,-22.20285124071188
827672500.0,2.545655290082352,-22.225442448367403
828172000.0,2.506886281657559,-22.24351743947841
828671500.0,2.472716130823738,-22.264675008775612
829171000.0,2.4384051643827704,-22.286475229781217
829670500.0,2.404802549130977,-22.30640023279966
830170000.0,2.3722870817685267,-22.328082598884976
830669500.0,2.341219524682552,-22.350885589521113
831169000.0,2.3068844779744304,-22.373433292028267
831668500.0,2.2723669077349338,-22.393263015296952
832168000.0,2.241977469482032,-22.413190057574184
832667500.0,2.211985296245235,-22.436809111370167
833167000.0,2.171245473416529,-22.460023420316247
833666500.0,2.134990013105309,-22.483091969306315
834166000.0,2.0919348588848394,-22.506549524360025
834665500.0,2.0579007863581578,-22.530490485960627
835165000.0,2.0194447089978893,-22.554336332910907
835664500.0,1.9848536850272716,-22.57644827647232
836164000.0,1.94953544734135,-22.60233795905856
836663500.0,1.911878406816963,-22.622979350586547
837163000.0,1.8761145090092364,-22.645010055304283
837662500.0,1.8404195422963665,-22.66632442648688
838162000.0,1.8071861591899392,-22.689141832646783
838661500.0,1.7720118843086323,-22.707028737793962
839161000.0,1.7372138608649594,-22.72801764656265
839660500.0,1.7024784850968195,-22.752913539747624
840160000.0,1.6657129703493363,-22.773959131842958
840659500.0,1.6264042230039406,-22.79527848780299
841159000.0,1.5872721765582125,-22.817415375174505
841658500.0,1.5534835881574778,-22.833991451733482
842158000.0,1.5245726999999416,-22.853178594915107
842657500.0,1.494852803574679,-22.874329863499042
843157000.0,1.4559227496725968,-22.894442444543756
843656500.0,1.424865489140085,-22.91467491939534
844156000.0,1.3986774885653126,-22.930659401256207
844655500.0,1.363000491832873,-22.9515473615495
845155000.0,1.3340413870584285,-22.975116736356085
845654500.0,1.302233721835134,-22.997826496719654
846154000.0,1.2734184368962358,-23.01980222320026
846653500.0,1.2490305445760863,-23.0434615244626
847153000.0,1.2228221810464877,-23.063573141039797
847652500.0,1.1951714893363834,-23.08263767279732
848152000.0,1.1733802870987065,-23.10013692327948
848651500.0,1.1493545211733989,-23.11841575843482
849151000.0,1.1247049765395287,-23.1357996444749
849650500.0,1.0942868881153385,-23.155531330778103
850150000.0,1.0700171388554842,-23.168084247241268
850649500.0,1.0510174053832342,-23.183860912370164
851149000.0,1.0258978536442005,-23.199957805755048
851648500.0,1.0026440173126987,-23.220393118641596
852148000.0,0.9817834169665638,-23.238291281832744
852647500.0,0.9587410155469644,-23.254577442736945
853147000.0,0.9279697178266756,-23.271103079297518
853646500.0,0.9031722196568746,-23.28520799420994
854146000.0,0.8756506491957581,-23.295416365962865
854645500.0,0.853829339473446,-23.31370948023391
855145000.0,0.8286516606538102,-23.327883373262694
855644500.0,0.8036104362676176,-23.3436630462636
856144000.0,0.7773273161304353,-23.350300180588192
856643500.0,0.7536132243812381,-23.363297036065205
857143000.0,0.7321395212179509,-23.376267983442403
857642500.0,0.7111573843462368,-23.3889877751908
858142000.0,0.6900908257164622,-23.398349121815272
858641500.0,0.668194672437885,-23.41072485201653
859141000.0,0.6484751525639998,-23.42056437139695
859640500.0,0.6292188954080772,-23.423568728636837
860140000.0,0.6133324653679408,-23.432412503339265
860639500.0,0.5967693210635415,-23.44608861928191
861139000.0,0.5844451981734518,-23.460774232227095
861638500.0,0.571682568272795,-23.464133370368472
862138000.0,0.5600047672603587,-23.469224916242865
862637500.0,0.546263110310674,-23.469685304008863
863137000.0,0.5324938122998526,-23.473719405231122
863636500.0,0.5179102513693294,-23.47499559227299
864136000.0,0.5070200205468032,-23.48129326369144
864635500.0,0.4952605234747109,-23.482061322593836
865135000.0,0.4803355721663909,-23.482760548685746
865634500.0,0.4684818758063211,-23.479747289360148
866134000.0,0.4553949124051252,-23.48170984600847
866633500.0,0.4434903185408583,-23.48339364129697
867133000.0,0.4347534056698157,-23.49411891573891
867632500.0,0.4207625858656573,-23.490728175636377
868132000.0,0.4076070427249275,-23.493093670341068
868631500.0,0.3958708881714131,-23.493418155628888
869131000.0,0.385925527609282,-23.496719308781394
869630500.0,0.3754609932009475,-23.50527797001382
870130000.0,0.3659828052037485,-23.510247934949575
870629500.0,0.3555492611397469,-23.517857493883866
871129000.0,0.3472716658264986,-23.514571703524325
871628500.0,0.3390795869484806,-23.519795342429006
872128000.0,0.3324584269346621,-23.52165243993636
872627500.0,0.3250401627354568,-23.518709378709218
873127000.0,0.3158297640668524,-23.520119574265436
873626500.0,0.3080407063850147,-23.522591619995637
874126000.0,0.3015057249473561,-23.526272055666368
874625500.0,0.2935939773554202,-23.521185960449202
875125000.0,0.2854487309140586,-23.51856020904006
875624500.0,0.2783474309873671,-23.5174434114208
876124000.0,0.2724543543473572,-23.5228706668222
876623500.0,0.2685621168287062,-23.515127754528294
877123000.0,0.2628410000505579,-23.50008731934622
877622500.0,0.2577198317411962,-23.4949581916062
878122000.0,0.2533276929931861,-23.489375179017998
878621500.0,0.2499240091032531,-23.484146629660017
879121000.0,0.2480156918986813,-23.487681887525696
879620500.0,0.2456792428217352,-23.49177243296981
880120000.0,0.2430470801886518,-23.490610311347837
880619500.0,0.240711603265035,-23.48923015602736
881119000.0,0.2418213078722505,-23.488683866425845
881618500.0,0.2397712414206233,-23.48207135581538
882118000.0,0.2357050372598166,-23.478387241689234
882617500.0,0.2335750700803001,-23.485039474816176
883117000.0,0.2348264704538676,-23.482294173587434
883616500.0,0.2315498960923744,-23.480470966818984
884116000.0,0.2305874252265042,-23.474682517265364
884615500.0,0.2272180026713247,-23.467461084072283
885115000.0,0.2251586402255219,-23.46786700390726
885614500.0,0.2249645762229343,-23.47665391419173
886114000.0,0.2241277105900916,-23.486965759405393
886613500.0,0.2214751230172977,-23.49759138906211
887113000.0,0.2184215970222564,-23.50524635077886
887612500.0,0.2155689850381524,-23.513066308524003
888112000.0,0.2150292171286769,-23.517956662839197
888611500.0,0.2104135626226368,-23.51237502497429
889111000.0,0.2094984831564442,-23.521015751465256
889610500.0,0.2060193659970564,-23.5374860492268
890110000.0,0.2025417008270544,-23.540239037786705
890609500.0,0.1992353916352204,-23.54639355310087
891109000.0,0.1961475738329096,-23.581420273740832
891608500.0,0.1948220679575612,-23.592650198964066
892108000.0,0.1918964891505895,-23.597532991160506
892607500.0,0.1885409289348299,-23.616503694302082
893107000.0,0.1851106168673956,-23.630977095006983
893606500.0,0.1813823836503499,-23.636776336007188
894106000.0,0.1786373072855852,-23.644453559734075
894605500.0,0.1776954930579554,-23.66352826544494
895105000.0,0.1755264022450148,-23.667580098070403
895604500.0,0.1738219058524184,-23.67589026959604
896104000.0,0.1712768635481466,-23.6638434277927
896603500.0,0.1666982007582894,-23.674961735696343
897103000.0,0.1644535392337635,-23.668350676942282
897602500.0,0.1617319917087253,-23.67816044888582
898102000.0,0.158460361297246,-23.675516721297527
898601500.0,0.1564093545346221,-23.674698580377708
899101000.0,0.1544998123221165,-23.6654097077801
899600500.0,0.151057834498194,-23.660658550273638
900100000.0,0.1491521511612256,-23.64988329864127
900599500.0,0.1468278488044645,-23.64972763923788
901099000.0,0.1438019047608117,-23.63822540154365
901598500.0,0.141065373599702,-23.63658078449953
902098000.0,0.1351721832479316,-23.620052014267912
902597500.0,0.1317590587518814,-23.621257207189956
903097000.0,0.1278546401398983,-23.616897279654268
903596500.0,0.1255888349543661,-23.618222298639466
904096000.0,0.1220781773095097,-23.594712795956866
904595500.0,0.1197310799026583,-23.574376042151016
905095000.0,0.1164005785249562,-23.559524619427066
905594500.0,0.1148588492673092,-23.537255084861044
906094000.0,0.1128344753228396,-23.52554117809791
906593500.0,0.108736500065231,-23.507793106265808
907093000.0,0.1057784945233833,-23.489359783790178
907592500.0,0.1028416510415689,-23.47473924723431
908092000.0,0.0991892339982621,-23.46356548172571
908591500.0,0.0955159739991097,-23.44461968208111
909091000.0,0.0941085945007085,-23.4287576003062
909590500.0,0.0926473117317436,-23.42388388084146
910090000.0,0.0899220982935505,-23.408682883217125
910589500.0,0.0887280579908692,-23.39434105258738
911089000.0,0.0885672187701725,-23.359824255402373
911588500.0,0.0861358072098432,-23.33920534376557
912088000.0,0.0856394626725257,-23.33185391604934
912587500.0,0.0854484724763008,-23.308438791870458
913087000.0,0.0864288678991954,-23.293750008700727
913586500.0,0.0863395574183165,-23.275208635173158
914086000.0,0.0860853276538506,-23.255606074113985
914585500.0,0.0867246511251488,-23.233015765967593
915085000.0,0.0880696485079011,-23.21323015441112
915584500.0,0.0909402190578662,-23.199877014212007
916084000.0,0.0917804222496668,-23.182361198341596
916583500.0,0.0937182080387058,-23.16502040219757
917083000.0,0.0946666199092212,-23.14277079990279
917582500.0,0.097321832310853,-23.117304549308074
918082000.0,0.0976598370152173,-23.0935190878929
918581500.0,0.0992989818870315,-23.07770807009001
919081000.0,0.0995044152814168,-23.065974421141163
919580500.0,0.101876239192109,-23.055700381393308
920080000.0,0.1036615096548866,-23.055078828212118
920579500.0,0.1064403000819866,-23.05243944675476
921079000.0,0.110241449648603,-23.045095540023112
921578500.0,0.1113066827203937,-23.036041222613903
922078000.0,0.111518608914356,-23.02741289035339
922577500.0,0.1136382080380805,-23.016115612373824
923077000.0,0.1158486289999409,-23.008883965133464
923576500.0,0.118611198397032,-23.014323175643085
924076000.0,0.1219684392854857,-23.025553588479397
924575500.0,0.1245874661226017,-23.01958360347453
925075000.0,0.1273173821371497,-23.034083459369185
925574500.0,0.1306138648993284,-23.043596281569535
926074000.0,0.1340300896618656,-23.034632994153753
926573500.0,0.1361694933245018,-23.04873256876749
927073000.0,0.1375104088951315,-23.06450659825805
927572500.0,0.1401048696790138,-23.069435230909903
928072000.0,0.1421460871056967,-23.07712579822146
928571500.0,0.1452864060152528,-23.0831020320295
929071000.0,0.1484690020092854,-23.093074388853893
929570500.0,0.1521590066320919,-23.1005180208997
930070000.0,0.1535682008360123,-23.115136595843524
930569500.0,0.1551065305341359,-23.126153924440132
931069000.0,0.1561517923669225,-23.146872521603882
931568500.0,0.1588692982233012,-23.15721813859932
932068000.0,0.1607394441688909,-23.17840006397637
932567500.0,0.1631610805095161,-23.184061614995016
933067000.0,0.1661493451366898,-23.19499303416842
933566500.0,0.1673205738754791,-23.207704411168606
934066000.0,0.1693341719264833,-23.22338869944838
934565500.0,0.1718075349646444,-23.238728854577857
935065000.0,0.1735136158563263,-23.259242931478184
935564500.0,0.1742077484190707,-23.27487060544172
936064000.0,0.1736469782487771,-23.29989709146662
936563500.0,0.1752945050654851,-23.31446895757699
937063000.0,0.1768368563309999,-23.34201719313387
937562500.0,0.1776078064966039,-23.35186835549166
938062000.0,0.1805327857567234,-23.362260390230176
938561500.0,0.1815181701544083,-23.3588228636022
939061000.0,0.1840467254935947,-23.380201606468972
939560500.0,0.1846290792634374,-23.40203953338232
940060000.0,0.1856759932939216,-23.41544349705282
940559500.0,0.1866880027159976,-23.430119312616625
941059000.0,0.1867104678932193,-23.43986920502698
941558500.0,0.1873330656527136,-23.455165466048356
942058000.0,0.1883716125471055,-23.471798559567333
942557500.0,0.1890543209925966,-23.492281495044153
943057000.0,0.1891251792626058,-23.50769790669665
943556500.0,0.1912523201282589,-23.53396428673409
944056000.0,0.1906749814403671,-23.557233007252307
944555500.0,0.189572472944029,-23.567480967125903
945055000.0,0.1899210253542582,-23.58728905161047
945554500.0,0.1899953683562598,-23.597550164689892
946054000.0,0.1897787006921855,-23.62265867872452
946553500.0,0.1904588937309557,-23.642210528721307
947053000.0,0.1909505567820349,-23.65448379093391
947552500.0,0.1909429258621425,-23.680616922777972
948052000.0,0.1903505438642737,-23.69591826779174
948551500.0,0.1913931132698761,-23.713679367843724
949051000.0,0.1915148343241131,-23.73382881032512
949550500.0,0.1915918569058763,-23.755817710872407
950050000.0,0.1925097982916237,-23.77237595822794
950549500.0,0.1919741479038733,-23.790917705766105
951049000.0,0.1907574092666404,-23.802530062569986
951548500.0,0.190257205716573,-23.81926461668695
952048000.0,0.1906953135466461,-23.83489744900362
952547500.0,0.1902521568863383,-23.85096416685178
953047000.0,0.1893552919254461,-23.879476742476754
953546500.0,0.189136819870719,-23.89217526466973
954046000.0,0.1902108527211287,-23.915456884484684
954545500.0,0.1906955506188668,-23.942280764168572
955045000.0,0.1905239992250165,-23.96434105002936
955544500.0,0.1887459730199131,-23.98918812291049
956044000.0,0.1850524941441642,-24.018567557161305
956543500.0,0.1836865121558167,-24.037696552878515
957043000.0,0.1833066391431894,-24.059233268834078
957542500.0,0.1815652302108428,-24.081960436260943
958042000.0,0.1814528825295229,-24.09784239462124
958541500.0,0.1815467069081995,-24.122755993570536
959041000.0,0.1807588486402246,-24.14113107105868
959540500.0,0.1777438713368882,-24.165350417725904
960040000.0,0.1760573534319492,-24.17885050072482
960539500.0,0.1742305714336942,-24.1995626283167
961039000.0,0.172640106715067,-24.223663890542866
961538500.0,0.1712278475565249,-24.24006781087928
962038000.0,0.1695090130570817,-24.263336785948923
962537500.0,0.1678353550537421,-24.278675839226253
963037000.0,0.1679361444183605,-24.30061920440471
963536500.0,0.1675005185256126,-24.330261100599728
964036000.0,0.1664087398952396,-24.35239396127804
964535500.0,0.1640557161254272,-24.360813122624904
965035000.0,0.1638227667586813,-24.376990093268205
965534500.0,0.1615318108074433,-24.39266740277867
966034000.0,0.161040379891459,-24.400238258825084
966533500.0,0.160002054078513,-24.41316863367433
967033000.0,0.1599440318579507,-24.423290994129957
967532500.0,0.1595755068995726,-24.441088061605797
968032000.0,0.1575837904048332,-24.460423779726625
968531500.0,0.1575496542909745,-24.477213092555303
969031000.0,0.1564113884133558,-24.48542389522936
969530500.0,0.1551809052319218,-24.502181568602737
970030000.0,0.1529918365584726,-24.509753490550338
970529500.0,0.151667370567202,-24.527102506925985
971029000.0,0.1512185005896068,-24.53510309107969
971528500.0,0.1506829239607778,-24.552732956408363
972028000.0,0.1485837775960831,-24.561139649679262
972527500.0,0.148041692870411,-24.57526819655709
973027000.0,0.1467754674281119,-24.57806997159878
973526500.0,0.1460198081460167,-24.588078566308013
974026000.0,0.1442344118181149,-24.594904067186917
974525500.0,0.1432438497148679,-24.5910885150829
975025000.0,0.1415775807554146,-24.597977484836065
975524500.0,0.1398406469961916,-24.603299007344276
976024000.0,0.1387759027057605,-24.6155632172904
976523500.0,0.1375885652017187,-24.619753347208416
977023000.0,0.1360315670739629,-24.62469754823178
977522500.0,0.1338693222619914,-24.629184424943332
978022000.0,0.1322360470975351,-24.62797200323962
978521500.0,0.1305543470965786,-24.630583732859805
979021000.0,0.1288448079763043,-24.62916590225359
979520500.0,0.1277156722780826,-24.6302214503055
980020000.0,0.1261156282225552,-24.633480737534683
980519500.0,0.1249731018573919,-24.637012864511235
981019000.0,0.1238013200575739,-24.634333549539406
981518500.0,0.123154318599424,-24.634911661584965
982018000.0,0.1216369150241358,-24.635706125535762
982517500.0,0.1203526375378781,-24.62102454859155
983017000.0,0.1197735326729914,-24.22754244035923
983516500.0,0.1186757022131131,-24.22496712996167
984016000.0,0.1176631431084005,-24.222116738396608
984515500.0,0.1167413626311044,-24.219019983491535
985015000.0,0.1159156263102461,-24.21570626736502
985514500.0,0.1151909579316182,-24.21220567642763
986014000.0,0.1145721395377841,-24.208548981381682
986513500.0,0.1140637114280782,-24.204767637222176
987013000.0,0.1136699721586059,-24.20089378323496
987512500.0,0.1133949785422432,-24.19696024299833
988012000.0,0.1132425456486375,-24.193000524382114
988511500.0,0.1132162468042068,-24.189048819549043
989011000.0,0.1133194135921403,-24.185140004952018
989510500.0,0.113555135852398,-24.18130964133684
990010000.0,0.1139262616817108,-24.177593973741523
990509500.0,0.1144353974335807,-24.174029931495397
991009000.0,0.1150849077182805,-24.17065512821955
991508500.0,0.115876915402854,-24.167507861827062
992008000.0,0.1168133016111161,-24.164627114523228
992507500.0,0.1178957057236522,-24.162052552805108
993007000.0,0.1191255253778191,-24.15982452746084
993506500.0,0.1205039164677444,-24.157984073572152
994006000.0,0.1220317931443266,-24.15657291051093
994505500.0,0.123709827815235,-24.155633441941745
995005000.0,0.1255384511449103,-24.15520875582115
995504500.0,0.1275178520545635,-24.15534262439678
996004000.0,0.1296479777221772,-24.156079504208947
996503500.0,0.1319285335825045,-24.157464536090174
997003000.0,0.1343589833270695,-24.159543545163388
997502500.0,0.1369385489041675,-24.162363040844866
998002000.0,0.1396662105188645,-24.165970216842197
998501500.0,0.1425407066329974,-24.170412951154503
999001000.0,0.1455605339651743,-24.175739806073352
999500500.0,0.1487239474907739,-24.182000028181847
1000000000.0,0.1520289604419463,-24.18924354835508
